id,uuid,campaign_id,user_id,ticket_number,is_winning,created_at,updated_at
1,3b398ac0-f681-43cd-80b1-17b263c6fa22,4,162,952264,False,2026-01-27 21:45:53.733539+07,2026-01-27 21:45:53.733539+07
2,84419306-afe8-400c-b5ea-a34a2bdb7267,4,162,159053,False,2026-01-27 21:45:53.733539+07,2026-01-27 21:45:53.733539+07
3,a536d99c-fe51-4c5b-bf07-b4c0b0e796dc,4,162,416246,False,2026-01-27 22:15:12.61464+07,2026-01-27 22:15:12.61464+07
4,5aa5c0fa-07cb-45ec-9dc3-ff312ce254b5,4,163,966128,False,2026-01-27 23:38:17.701781+07,2026-01-27 23:38:17.701781+07
5,ff5d8954-3eaa-4071-b3d2-f8b949436bba,4,163,449241,False,2026-01-27 23:38:17.701781+07,2026-01-27 23:38:17.701781+07
6,04c9a2f6-1d32-410c-afec-01b6a222912b,4,163,271351,False,2026-01-27 23:38:17.701781+07,2026-01-27 23:38:17.701781+07
7,babe1f7b-25f8-4008-8930-e92b46741e20,4,2,236609,false,2026-01-28T06:27:21.092Z,2026-01-28T06:27:21.092Z
8,c5df6618-ffef-45f1-b5ff-4810acf9ff45,4,3,804807,false,2026-01-28T06:27:21.093Z,2026-01-28T06:27:21.093Z
9,da4dd14e-8778-4740-9fd1-a3aa9aaec183,4,1,621253,false,2026-01-28T06:27:21.093Z,2026-01-28T06:27:21.093Z
10,f27cb854-d778-4660-9755-473071851aab,4,2,577073,false,2026-01-28T06:27:21.093Z,2026-01-28T06:27:21.093Z
11,cf43fb2e-a308-44fc-95cc-1710d26c22eb,4,3,460978,false,2026-01-28T06:27:21.093Z,2026-01-28T06:27:21.093Z
12,9dd6c322-9cd4-474e-bb7b-9b69e596f517,4,1,562589,false,2026-01-28T06:27:21.093Z,2026-01-28T06:27:21.093Z
13,5910698e-cc55-4dbc-9b8f-072d9ff32f0e,4,2,135423,false,2026-01-28T06:27:21.093Z,2026-01-28T06:27:21.093Z
14,fd63b6ae-996b-4997-b32a-672ff3924a8f,4,3,849251,false,2026-01-28T06:27:21.093Z,2026-01-28T06:27:21.093Z
15,d94445f8-2592-4974-aaf0-8ff84bfca548,4,1,451899,false,2026-01-28T06:27:21.093Z,2026-01-28T06:27:21.093Z
16,36e0deca-fbc4-431f-9faf-3f25de9ffe6e,4,2,619610,false,2026-01-28T06:27:21.093Z,2026-01-28T06:27:21.093Z
17,df523da4-8955-4306-af0e-08fdf8eebbd2,4,3,019145,false,2026-01-28T06:27:21.093Z,2026-01-28T06:27:21.093Z
18,57dbbe89-f579-4ff7-89ae-b178810d699a,4,1,881978,false,2026-01-28T06:27:21.093Z,2026-01-28T06:27:21.093Z
19,2747d8a7-d3ca-4847-8bfe-58ece1e259b1,4,2,451093,false,2026-01-28T06:27:21.093Z,2026-01-28T06:27:21.093Z
20,23331499-0ffa-4dec-adf6-2d8ad620a55e,4,3,227876,false,2026-01-28T06:27:21.093Z,2026-01-28T06:27:21.093Z
21,3f525b17-741e-421d-8026-ff96f1c2c39f,4,1,792870,false,2026-01-28T06:27:21.094Z,2026-01-28T06:27:21.094Z
22,4df9b7d8-0bad-41e1-8cfc-20e57e1ffa14,4,2,042147,false,2026-01-28T06:27:21.094Z,2026-01-28T06:27:21.094Z
23,a633b048-b080-4186-8032-9b180f903915,4,3,871404,false,2026-01-28T06:27:21.094Z,2026-01-28T06:27:21.094Z
24,aa0cde93-3df1-4499-b246-d7843b64f237,4,1,495472,false,2026-01-28T06:27:21.094Z,2026-01-28T06:27:21.094Z
25,76cf7ccd-68ee-4249-a79d-f906a0d40458,4,2,746685,false,2026-01-28T06:27:21.094Z,2026-01-28T06:27:21.094Z
26,cbb4487c-a593-4c26-ba4f-543ca5086fc1,4,3,468392,false,2026-01-28T06:27:21.094Z,2026-01-28T06:27:21.094Z
27,0a861acc-7406-4459-a3e8-83807ffef8cd,4,1,456601,false,2026-01-28T06:27:21.094Z,2026-01-28T06:27:21.094Z
28,7293ec6f-3995-4651-8f0f-d900fb7ba16e,4,2,050740,false,2026-01-28T06:27:21.094Z,2026-01-28T06:27:21.094Z
29,62f240da-9d51-4824-bc27-10119d359c0a,4,3,212981,false,2026-01-28T06:27:21.094Z,2026-01-28T06:27:21.094Z
30,89935176-5aef-4aba-8e65-e0eb04a0a3bd,4,1,236395,false,2026-01-28T06:27:21.094Z,2026-01-28T06:27:21.094Z
31,5948f9ec-8f8d-477c-af21-34c2edacfd29,4,2,648146,false,2026-01-28T06:27:21.094Z,2026-01-28T06:27:21.094Z
32,e063f9f5-cc9b-4bac-a5fe-443863dea722,4,3,324383,false,2026-01-28T06:27:21.094Z,2026-01-28T06:27:21.094Z
33,b83c5d0b-3184-4ff2-82f1-aae63694baf1,4,1,540563,false,2026-01-28T06:27:21.094Z,2026-01-28T06:27:21.094Z
34,5a942d65-102f-449b-9961-6d3733eaf300,4,2,162601,false,2026-01-28T06:27:21.094Z,2026-01-28T06:27:21.094Z
35,957219fe-a9ec-48af-87ef-ac532a469799,4,3,224400,false,2026-01-28T06:27:21.094Z,2026-01-28T06:27:21.094Z
36,3f8d4560-682f-4fc1-a2c5-c6a6d7748535,4,1,382382,false,2026-01-28T06:27:21.094Z,2026-01-28T06:27:21.094Z
37,7fba3889-a66f-4b33-bb35-ddf841dcb239,4,2,916145,false,2026-01-28T06:27:21.094Z,2026-01-28T06:27:21.094Z
38,6c6801f5-e205-4be7-86fd-41449388fa2e,4,3,251476,false,2026-01-28T06:27:21.094Z,2026-01-28T06:27:21.094Z
39,5c38bada-4dd4-4588-b8d5-45bde790f90d,4,1,656383,false,2026-01-28T06:27:21.094Z,2026-01-28T06:27:21.094Z
40,09adcc3c-f7cf-4a33-89fd-68af6dabbb91,4,2,457321,false,2026-01-28T06:27:21.094Z,2026-01-28T06:27:21.094Z
41,1ffd741c-5821-4753-b83e-9c2ecf20b6a9,4,3,529624,false,2026-01-28T06:27:21.094Z,2026-01-28T06:27:21.094Z
42,c448ace8-9613-4ecf-bb7f-d573f78969d1,4,1,030478,false,2026-01-28T06:27:21.094Z,2026-01-28T06:27:21.094Z
43,8e5590ee-0a19-447d-80d4-fd871d28fad5,4,2,260187,false,2026-01-28T06:27:21.094Z,2026-01-28T06:27:21.094Z
44,65b44ef8-6b8c-44ad-9601-248d641e8a41,4,3,089814,false,2026-01-28T06:27:21.094Z,2026-01-28T06:27:21.094Z
45,c61327e8-3b0e-484c-a563-3b58e4e5adbc,4,1,258824,false,2026-01-28T06:27:21.094Z,2026-01-28T06:27:21.094Z
46,8b5a6016-f259-4479-a53e-d8fd98e68de8,4,2,401527,false,2026-01-28T06:27:21.094Z,2026-01-28T06:27:21.094Z
47,7b45f376-0d2d-4704-8e2d-9880e220d52a,4,3,521883,false,2026-01-28T06:27:21.094Z,2026-01-28T06:27:21.094Z
48,313fdef3-49fe-4e5c-b9ba-f6c6c56ac0bc,4,1,172013,false,2026-01-28T06:27:21.094Z,2026-01-28T06:27:21.094Z
49,37d642c2-58cf-474f-bb42-2c97ffd6f5e3,4,2,538973,false,2026-01-28T06:27:21.095Z,2026-01-28T06:27:21.095Z
50,911067c3-59b8-48a6-8e76-f43a8b7e5a6f,4,3,875637,false,2026-01-28T06:27:21.095Z,2026-01-28T06:27:21.095Z
51,413c225f-7119-46c4-9a69-d51ee6062fa8,4,1,954254,false,2026-01-28T06:27:21.095Z,2026-01-28T06:27:21.095Z
52,7d73f1ff-de43-4a45-bdd4-4036ed17ffdb,4,2,502583,false,2026-01-28T06:27:21.095Z,2026-01-28T06:27:21.095Z
53,64574172-7805-41db-b5fa-1cca2492f28f,4,3,233201,false,2026-01-28T06:27:21.095Z,2026-01-28T06:27:21.095Z
54,ccce5e3e-d1f1-4a04-9870-d70f583ae919,4,1,589947,false,2026-01-28T06:27:21.095Z,2026-01-28T06:27:21.095Z
55,697f623c-99c7-4856-9ab3-7b4bbfc48012,4,2,368962,false,2026-01-28T06:27:21.095Z,2026-01-28T06:27:21.095Z
56,318f30c4-a1b2-42ab-98ec-313d25952754,4,3,804414,false,2026-01-28T06:27:21.095Z,2026-01-28T06:27:21.095Z
57,2c154995-47d5-485e-861f-0ce70f297a76,4,1,884917,false,2026-01-28T06:27:21.095Z,2026-01-28T06:27:21.095Z
58,90915509-8298-4019-825f-bd6e060057e3,4,2,185969,false,2026-01-28T06:27:21.095Z,2026-01-28T06:27:21.095Z
59,06e7386c-1749-4c74-a0ab-cf3d91547b71,4,3,063022,false,2026-01-28T06:27:21.095Z,2026-01-28T06:27:21.095Z
60,af24ed3a-c76c-4504-b202-a84260bb5c30,4,1,388326,false,2026-01-28T06:27:21.095Z,2026-01-28T06:27:21.095Z
61,d6fdc8ed-158d-4eef-a751-99a3cbd3e5dd,4,2,448822,false,2026-01-28T06:27:21.095Z,2026-01-28T06:27:21.095Z
62,28a5f402-9d8d-46f3-b8bc-df44574b847c,4,3,047727,false,2026-01-28T06:27:21.095Z,2026-01-28T06:27:21.095Z
63,44f257af-7424-40ef-bb9b-1eb9e0429959,4,1,743306,false,2026-01-28T06:27:21.095Z,2026-01-28T06:27:21.095Z
64,a5054ff4-dae1-47be-9fde-0d7d122148c0,4,2,936049,false,2026-01-28T06:27:21.095Z,2026-01-28T06:27:21.095Z
65,8d857da1-7ad0-4d79-8fbc-fb91f2df4c0f,4,3,956275,false,2026-01-28T06:27:21.095Z,2026-01-28T06:27:21.095Z
66,44d8eb75-ba92-4748-b731-4542c3841c08,4,1,832018,false,2026-01-28T06:27:21.095Z,2026-01-28T06:27:21.095Z
67,72c83358-0d45-468d-9d72-aa159b97888e,4,2,838325,false,2026-01-28T06:27:21.095Z,2026-01-28T06:27:21.095Z
68,271b63c6-32bb-4663-b62b-d777ae671a41,4,3,245591,false,2026-01-28T06:27:21.095Z,2026-01-28T06:27:21.095Z
69,2ee47149-ab33-42aa-b505-e13a4704135e,4,1,827996,false,2026-01-28T06:27:21.095Z,2026-01-28T06:27:21.095Z
70,25cb4f49-57aa-4369-88e3-a4f354b3a2bd,4,2,429903,false,2026-01-28T06:27:21.095Z,2026-01-28T06:27:21.095Z
71,66a45ed9-c32c-46d8-8e8f-39221a2264e0,4,3,278590,false,2026-01-28T06:27:21.095Z,2026-01-28T06:27:21.095Z
72,cace57e7-de1a-4505-9737-c5343400ea2c,4,1,682313,false,2026-01-28T06:27:21.095Z,2026-01-28T06:27:21.095Z
73,9970a48d-4f4a-4aca-89e6-d44ee6181315,4,2,394899,false,2026-01-28T06:27:21.095Z,2026-01-28T06:27:21.095Z
74,0bf95496-780e-49c5-96fa-8ecdf1a57d50,4,3,683493,false,2026-01-28T06:27:21.095Z,2026-01-28T06:27:21.095Z
75,b2b57667-6b5b-4b1a-a6f2-a956ef70c6f8,4,1,654553,false,2026-01-28T06:27:21.095Z,2026-01-28T06:27:21.095Z
76,c48b6b7f-1b3d-492c-b0a9-5eca95fa6584,4,2,661319,false,2026-01-28T06:27:21.095Z,2026-01-28T06:27:21.095Z
77,f4c2a499-c85e-4574-908c-449306aadff2,4,3,425395,false,2026-01-28T06:27:21.095Z,2026-01-28T06:27:21.095Z
78,a037fd94-7095-461e-9264-6a0c5a7e40ba,4,1,557064,false,2026-01-28T06:27:21.095Z,2026-01-28T06:27:21.095Z
79,92c1dcd4-0e46-410d-a5ae-2de72b68c177,4,2,906250,false,2026-01-28T06:27:21.095Z,2026-01-28T06:27:21.095Z
80,8d09e4db-33c7-491a-84f7-24fd42051be4,4,3,445752,false,2026-01-28T06:27:21.095Z,2026-01-28T06:27:21.095Z
81,484e1f9d-4912-44eb-9a52-41f8476c609e,4,1,793406,false,2026-01-28T06:27:21.096Z,2026-01-28T06:27:21.096Z
82,6f20607f-5c90-4258-b20d-d569b9243867,4,2,110468,false,2026-01-28T06:27:21.096Z,2026-01-28T06:27:21.096Z
83,276a65cc-37cd-4735-9960-c62f249cbcf5,4,3,594813,false,2026-01-28T06:27:21.096Z,2026-01-28T06:27:21.096Z
84,493ac155-d1e3-4a28-a3a7-e8e9b2820327,4,1,573254,false,2026-01-28T06:27:21.096Z,2026-01-28T06:27:21.096Z
85,79b1c875-3cf7-40dc-8132-537576f185ff,4,2,083036,false,2026-01-28T06:27:21.096Z,2026-01-28T06:27:21.096Z
86,cc853bc0-f096-48cc-b223-e0df9ddd0628,4,3,418077,false,2026-01-28T06:27:21.096Z,2026-01-28T06:27:21.096Z
87,6b0089d3-f297-41f6-a2be-5dbd9fb4665e,4,1,228630,false,2026-01-28T06:27:21.096Z,2026-01-28T06:27:21.096Z
88,527ff69e-144a-45d4-b60e-92be2046b17f,4,2,465998,false,2026-01-28T06:27:21.096Z,2026-01-28T06:27:21.096Z
89,fce42dc5-d2df-408a-8653-c65c57da5bfc,4,3,672833,false,2026-01-28T06:27:21.096Z,2026-01-28T06:27:21.096Z
90,097a024e-6b51-4a1f-b442-0a595a598a24,4,1,381171,false,2026-01-28T06:27:21.096Z,2026-01-28T06:27:21.096Z
91,633efdb6-73be-4090-97fe-1814814a8773,4,2,781324,false,2026-01-28T06:27:21.096Z,2026-01-28T06:27:21.096Z
92,74815d4f-ccfc-4b10-af1b-ff15208d87b5,4,3,973888,false,2026-01-28T06:27:21.096Z,2026-01-28T06:27:21.096Z
93,d3b5cf2c-0253-49a6-ae25-5ffca1d498ed,4,1,732064,false,2026-01-28T06:27:21.096Z,2026-01-28T06:27:21.096Z
94,ca2aef77-7c3b-4636-af42-e6866a417bc9,4,2,071736,false,2026-01-28T06:27:21.096Z,2026-01-28T06:27:21.096Z
95,fd2ebfb4-2407-474c-aceb-5a849f26114e,4,3,799963,false,2026-01-28T06:27:21.096Z,2026-01-28T06:27:21.096Z
96,e012a2ba-c2dd-4a24-8ff8-72c0859abf80,4,1,425964,false,2026-01-28T06:27:21.096Z,2026-01-28T06:27:21.096Z
97,f0653b03-10fc-4182-9e94-7fb8b86be984,4,2,851995,false,2026-01-28T06:27:21.096Z,2026-01-28T06:27:21.096Z
98,545b75fa-23eb-4642-8cd2-6a7ae251dcc5,4,3,719132,false,2026-01-28T06:27:21.096Z,2026-01-28T06:27:21.096Z
99,8b964843-27e0-4e56-830f-f095cff71233,4,1,036611,false,2026-01-28T06:27:21.096Z,2026-01-28T06:27:21.096Z
100,349320af-c31d-4477-ac9e-34d1d284ba4a,4,2,391112,false,2026-01-28T06:27:21.096Z,2026-01-28T06:27:21.096Z
101,6ade2a95-a56f-42bf-a792-d4b937244636,4,3,090962,false,2026-01-28T06:27:21.096Z,2026-01-28T06:27:21.096Z
102,5510d10d-1dc2-41b4-8656-f37d4319e38c,4,1,478675,false,2026-01-28T06:27:21.096Z,2026-01-28T06:27:21.096Z
103,40b53f27-fdfa-4c67-a96b-e33ec5c3283b,4,2,222885,false,2026-01-28T06:27:21.096Z,2026-01-28T06:27:21.096Z
104,94b0fe27-7ffd-41c2-a4e5-651367ec944e,4,3,259877,false,2026-01-28T06:27:21.096Z,2026-01-28T06:27:21.096Z
105,d4ccbb21-39d6-4db3-876e-cb2cf7683db4,4,1,028073,false,2026-01-28T06:27:21.096Z,2026-01-28T06:27:21.096Z
106,53b294a0-6971-4e7d-887f-38c0de06a79e,4,2,372107,false,2026-01-28T06:27:21.096Z,2026-01-28T06:27:21.096Z
107,53b5aea0-a8a8-4414-a4b7-dda6616a7df9,4,3,948494,false,2026-01-28T06:27:21.096Z,2026-01-28T06:27:21.096Z
108,b909e8e9-795e-4b72-8b7f-5388371b2eea,4,1,670209,false,2026-01-28T06:27:21.096Z,2026-01-28T06:27:21.096Z
109,f6c8edce-d8d9-4cc5-955b-a814cce6159e,4,2,328494,false,2026-01-28T06:27:21.096Z,2026-01-28T06:27:21.096Z
110,832cd70c-7313-46cf-a057-368222fcc79a,4,3,415561,false,2026-01-28T06:27:21.096Z,2026-01-28T06:27:21.096Z
111,1627386e-632b-4382-ae44-6ae54468f72d,4,1,299952,false,2026-01-28T06:27:21.096Z,2026-01-28T06:27:21.096Z
112,5cb63cbb-a1ed-49ce-ac9a-8b473178acd3,4,2,301311,false,2026-01-28T06:27:21.096Z,2026-01-28T06:27:21.096Z
113,c9af645b-8b95-452c-b91e-3d010e96cb83,4,3,280672,false,2026-01-28T06:27:21.096Z,2026-01-28T06:27:21.096Z
114,effae5c0-a7fd-448f-9468-12cd238e4e3d,4,1,014558,false,2026-01-28T06:27:21.096Z,2026-01-28T06:27:21.096Z
115,8f380eed-0b09-4635-8103-8fa3260eb13c,4,2,310327,false,2026-01-28T06:27:21.096Z,2026-01-28T06:27:21.096Z
116,06d6ea99-07bf-4939-9c4d-85b287d5bb37,4,3,047396,false,2026-01-28T06:27:21.096Z,2026-01-28T06:27:21.096Z
117,1330bd39-5b11-4225-9c21-0029825bf70b,4,1,467667,false,2026-01-28T06:27:21.096Z,2026-01-28T06:27:21.096Z
118,237dd844-d0fd-4deb-8832-ee93f5749f9f,4,2,368717,false,2026-01-28T06:27:21.096Z,2026-01-28T06:27:21.096Z
119,2ab9d99e-7773-4cc9-9d4d-5b547d26b56d,4,3,317581,false,2026-01-28T06:27:21.096Z,2026-01-28T06:27:21.096Z
120,7dc5224a-92a0-4cb8-bd92-e97c6d6010c1,4,1,545590,false,2026-01-28T06:27:21.096Z,2026-01-28T06:27:21.096Z
121,6bed7c2f-d994-4d78-be30-79b1ede97621,4,2,118465,false,2026-01-28T06:27:21.096Z,2026-01-28T06:27:21.096Z
122,cb530159-c4ea-4c23-a59c-bafd942ce9f2,4,3,009022,false,2026-01-28T06:27:21.096Z,2026-01-28T06:27:21.096Z
123,a103814e-de57-4005-aa62-e1545efa2e05,4,1,852704,false,2026-01-28T06:27:21.096Z,2026-01-28T06:27:21.096Z
124,1c2dfaff-4dfc-4e41-9010-54e49bdd1b9c,4,2,273763,false,2026-01-28T06:27:21.096Z,2026-01-28T06:27:21.096Z
125,0d4ce8a0-3fc5-4be7-b6aa-ff772637d834,4,3,197463,false,2026-01-28T06:27:21.096Z,2026-01-28T06:27:21.096Z
126,91f58952-de11-4fb5-bdd7-481368702b12,4,1,439774,false,2026-01-28T06:27:21.096Z,2026-01-28T06:27:21.096Z
127,c5ed5180-f886-439d-abc1-7d51c3ca6267,4,2,070679,false,2026-01-28T06:27:21.096Z,2026-01-28T06:27:21.096Z
128,48fe90a8-9f03-4e73-8722-0cfd9ac2c8b8,4,3,851620,false,2026-01-28T06:27:21.096Z,2026-01-28T06:27:21.096Z
129,af1aaf1b-c891-44a5-891a-c07b1b1e5ec4,4,1,115970,false,2026-01-28T06:27:21.096Z,2026-01-28T06:27:21.096Z
130,92239793-af7f-44ce-8926-41cb1eb0207a,4,2,538989,false,2026-01-28T06:27:21.096Z,2026-01-28T06:27:21.096Z
131,5ba67224-4b3c-449e-aa4c-f511192e8dbd,4,3,426656,false,2026-01-28T06:27:21.096Z,2026-01-28T06:27:21.096Z
132,433e1a6c-1ead-4115-b157-ab98baf0b7c0,4,1,473676,false,2026-01-28T06:27:21.096Z,2026-01-28T06:27:21.096Z
133,7451d375-c7aa-4cd7-9b7a-1ea659e32176,4,2,663466,false,2026-01-28T06:27:21.097Z,2026-01-28T06:27:21.097Z
134,b2c9b632-ca34-4ec7-b9d4-ab359947c1c0,4,3,788293,false,2026-01-28T06:27:21.097Z,2026-01-28T06:27:21.097Z
135,c4b07656-55f8-4d06-a0d7-c3516eb1d859,4,1,840515,false,2026-01-28T06:27:21.097Z,2026-01-28T06:27:21.097Z
136,93073c07-4568-49c8-a5b0-2d03aa210a11,4,2,685471,false,2026-01-28T06:27:21.097Z,2026-01-28T06:27:21.097Z
137,edb83e90-d73c-4d97-828d-edd4b67b7764,4,3,727552,false,2026-01-28T06:27:21.097Z,2026-01-28T06:27:21.097Z
138,00762463-d751-4998-a188-c9d4a9e7346f,4,1,890314,false,2026-01-28T06:27:21.097Z,2026-01-28T06:27:21.097Z
139,55ec7bac-a97f-4eae-97e5-77d31aa97e7d,4,2,296324,false,2026-01-28T06:27:21.097Z,2026-01-28T06:27:21.097Z
140,5b1fa767-d32c-403a-876e-4e0828ecb18b,4,3,552525,false,2026-01-28T06:27:21.097Z,2026-01-28T06:27:21.097Z
141,2ead9df0-84f8-470d-9064-5a48b0897575,4,1,254724,false,2026-01-28T06:27:21.097Z,2026-01-28T06:27:21.097Z
142,7dc70693-435a-481e-993c-f1086989c86b,4,2,677605,false,2026-01-28T06:27:21.097Z,2026-01-28T06:27:21.097Z
143,b60cf698-ef69-461b-a74f-743792e26578,4,3,209774,false,2026-01-28T06:27:21.097Z,2026-01-28T06:27:21.097Z
144,6a706d54-ed5d-4ae5-9da4-08b48e95c5c9,4,1,065593,false,2026-01-28T06:27:21.097Z,2026-01-28T06:27:21.097Z
145,78fd7281-b711-459f-9e3e-4e31bf87fac8,4,2,920965,false,2026-01-28T06:27:21.097Z,2026-01-28T06:27:21.097Z
146,fcd6b857-16f8-4c2a-ad3a-3dc4451f0bf9,4,3,774403,false,2026-01-28T06:27:21.097Z,2026-01-28T06:27:21.097Z
147,5d3bf468-f92f-4274-9b90-fd47b6d36536,4,1,097579,false,2026-01-28T06:27:21.097Z,2026-01-28T06:27:21.097Z
148,d1c983fa-7364-4061-bbc0-96febf5b05ca,4,2,068389,false,2026-01-28T06:27:21.097Z,2026-01-28T06:27:21.097Z
149,345ae480-b791-403f-b399-c1d230860267,4,3,555626,false,2026-01-28T06:27:21.097Z,2026-01-28T06:27:21.097Z
150,41fe4bf2-f4e4-4c7a-a6ad-82d787816156,4,1,371104,false,2026-01-28T06:27:21.097Z,2026-01-28T06:27:21.097Z
151,ff7970a5-c8f8-4cfa-a510-5afdc1e3837d,4,2,306240,false,2026-01-28T06:27:21.097Z,2026-01-28T06:27:21.097Z
152,2230890a-44d7-4e4e-8349-c7cceeae99ca,4,3,101807,false,2026-01-28T06:27:21.097Z,2026-01-28T06:27:21.097Z
153,efd2c047-d46b-4500-bc6f-27057df3d9a9,4,1,512459,false,2026-01-28T06:27:21.097Z,2026-01-28T06:27:21.097Z
154,88251f81-3935-4698-bf65-4e6de2f27e7f,4,2,150613,false,2026-01-28T06:27:21.097Z,2026-01-28T06:27:21.097Z
155,285dd472-f822-42e2-9ed3-3e08764b69df,4,3,738336,false,2026-01-28T06:27:21.097Z,2026-01-28T06:27:21.097Z
156,d598cf53-4e76-41f3-94ae-2d5fb59660bd,4,1,188266,false,2026-01-28T06:27:21.097Z,2026-01-28T06:27:21.097Z
157,7a548219-d175-4fc3-89ba-23e7d644f90f,4,2,973473,false,2026-01-28T06:27:21.097Z,2026-01-28T06:27:21.097Z
158,abb4af72-ee65-4a6c-b19d-5d9063e846ea,4,3,930961,false,2026-01-28T06:27:21.097Z,2026-01-28T06:27:21.097Z
159,92c670e9-796d-4a6e-b450-c9634243f611,4,1,160949,false,2026-01-28T06:27:21.097Z,2026-01-28T06:27:21.097Z
160,0b30e655-2c81-4513-912d-f1ce366f99a4,4,2,515450,false,2026-01-28T06:27:21.097Z,2026-01-28T06:27:21.097Z
161,8c95141c-3c5c-4403-a7ee-af9297cdb111,4,3,924262,false,2026-01-28T06:27:21.097Z,2026-01-28T06:27:21.097Z
162,df7644c7-7210-4034-96b4-388c60f0f4cd,4,1,771465,false,2026-01-28T06:27:21.097Z,2026-01-28T06:27:21.097Z
163,4d12f72f-ec5f-45bd-b62f-3374953b4e5f,4,2,716997,false,2026-01-28T06:27:21.097Z,2026-01-28T06:27:21.097Z
164,cf1b73b0-1651-4282-b56a-36ce83a20a10,4,3,854089,false,2026-01-28T06:27:21.097Z,2026-01-28T06:27:21.097Z
165,242be326-0aac-4de7-b7b7-091201856ba6,4,1,406517,false,2026-01-28T06:27:21.097Z,2026-01-28T06:27:21.097Z
166,2f4237c3-e4d1-41d7-addc-cf03abdc76cd,4,2,953853,false,2026-01-28T06:27:21.097Z,2026-01-28T06:27:21.097Z
167,cc1bd004-2c08-473c-af6b-858feac57018,4,3,151597,false,2026-01-28T06:27:21.097Z,2026-01-28T06:27:21.097Z
168,d0d619dc-e2df-40ef-a389-5baf91d12202,4,1,504511,false,2026-01-28T06:27:21.097Z,2026-01-28T06:27:21.097Z
169,8f4e712b-c3c1-4095-aaa0-26d9b3885ef2,4,2,748189,false,2026-01-28T06:27:21.097Z,2026-01-28T06:27:21.097Z
170,df385e28-6439-4c7b-a909-7ef3a3a00de9,4,3,975121,false,2026-01-28T06:27:21.097Z,2026-01-28T06:27:21.097Z
171,e7b00ecd-4301-43f4-87cb-87fbd90cb942,4,1,653648,false,2026-01-28T06:27:21.097Z,2026-01-28T06:27:21.097Z
172,0f0b9967-0e67-4d28-9c87-da9e9941a51d,4,2,487019,false,2026-01-28T06:27:21.097Z,2026-01-28T06:27:21.097Z
173,ea833f97-4a42-4795-ada3-4adf0f461411,4,3,758105,false,2026-01-28T06:27:21.097Z,2026-01-28T06:27:21.097Z
174,cdc4aabe-5834-44ee-ac7c-360aea59aa20,4,1,660509,false,2026-01-28T06:27:21.097Z,2026-01-28T06:27:21.097Z
175,22b1a804-b512-44db-bdec-d757474963c7,4,2,848598,false,2026-01-28T06:27:21.097Z,2026-01-28T06:27:21.097Z
176,1e25bc96-3087-4a83-a95e-aebd769a72d0,4,3,007032,false,2026-01-28T06:27:21.097Z,2026-01-28T06:27:21.097Z
177,1d371b62-601b-48ca-84ac-78a485b2ab49,4,1,665557,false,2026-01-28T06:27:21.097Z,2026-01-28T06:27:21.097Z
178,1d3569c0-5038-47d5-a5b8-d00d0b33f533,4,2,160266,false,2026-01-28T06:27:21.097Z,2026-01-28T06:27:21.097Z
179,22758d3e-bbc7-46aa-bde0-014f0b08c839,4,3,886779,false,2026-01-28T06:27:21.097Z,2026-01-28T06:27:21.097Z
180,c84c30b1-0515-42a7-8908-239e69a771c1,4,1,668969,false,2026-01-28T06:27:21.097Z,2026-01-28T06:27:21.097Z
181,0d1180ec-caa3-4ca4-a09a-1a33e649ca85,4,2,392375,false,2026-01-28T06:27:21.097Z,2026-01-28T06:27:21.097Z
182,889d6dae-8efb-4434-bded-03320e65b50b,4,3,608422,false,2026-01-28T06:27:21.097Z,2026-01-28T06:27:21.097Z
183,ce7142a3-4a29-475e-8a70-782114c1885f,4,1,968826,false,2026-01-28T06:27:21.097Z,2026-01-28T06:27:21.097Z
184,9a463dc6-55bc-4671-9e44-d46a1c7b2c56,4,2,485364,false,2026-01-28T06:27:21.097Z,2026-01-28T06:27:21.097Z
185,9a9cacf0-ff30-4752-9418-8a83db3e7593,4,3,581384,false,2026-01-28T06:27:21.098Z,2026-01-28T06:27:21.098Z
186,c122f746-623c-4fcf-8a0a-2d00068297b6,4,1,085276,false,2026-01-28T06:27:21.098Z,2026-01-28T06:27:21.098Z
187,0a3effa8-6764-4bdc-a44c-ca0d8b0edd02,4,2,921991,false,2026-01-28T06:27:21.098Z,2026-01-28T06:27:21.098Z
188,6d21bc2e-7ce6-4c55-8ac5-fa0be6cf4937,4,3,935706,false,2026-01-28T06:27:21.098Z,2026-01-28T06:27:21.098Z
189,29594b53-e519-4646-b420-3787d2ef0146,4,1,987675,false,2026-01-28T06:27:21.098Z,2026-01-28T06:27:21.098Z
190,4c176498-ee1a-44c8-b44f-e9a82d5228d9,4,2,866439,false,2026-01-28T06:27:21.098Z,2026-01-28T06:27:21.098Z
191,c2bcd76b-022e-4aa8-a9ad-3f9ebfc9dc3c,4,3,093683,false,2026-01-28T06:27:21.098Z,2026-01-28T06:27:21.098Z
192,7034bd7f-d312-433e-8cdd-d81ca856b257,4,1,742591,false,2026-01-28T06:27:21.098Z,2026-01-28T06:27:21.098Z
193,409db80e-ebd9-4a1b-ba42-21ff765b665f,4,2,659089,false,2026-01-28T06:27:21.098Z,2026-01-28T06:27:21.098Z
194,6f01ba10-4e59-42b4-a1c3-f8e6e1bd8046,4,3,810434,false,2026-01-28T06:27:21.098Z,2026-01-28T06:27:21.098Z
195,fdf734f5-5b58-4e58-8b0d-12d9515b7843,4,1,751862,false,2026-01-28T06:27:21.098Z,2026-01-28T06:27:21.098Z
196,53aca128-6129-4b6a-87f2-37a627a2c649,4,2,537361,false,2026-01-28T06:27:21.098Z,2026-01-28T06:27:21.098Z
197,cc58fc76-50fd-4347-86f4-18ce9d29b6bf,4,3,034391,false,2026-01-28T06:27:21.098Z,2026-01-28T06:27:21.098Z
198,f26b4e0d-e22f-4e86-9d00-4e106773c19e,4,1,164471,false,2026-01-28T06:27:21.098Z,2026-01-28T06:27:21.098Z
199,e10d6520-9d38-4528-ac4f-665ce4562423,4,2,615728,false,2026-01-28T06:27:21.098Z,2026-01-28T06:27:21.098Z
200,7f6ff750-691d-4261-b71f-d8d1287aaff5,4,3,022716,false,2026-01-28T06:27:21.098Z,2026-01-28T06:27:21.098Z
201,53b6dc83-cb75-4208-9953-3864433dc9ab,4,1,882442,false,2026-01-28T06:27:21.098Z,2026-01-28T06:27:21.098Z
202,f8b708e4-e574-486e-89d2-937d97326da8,4,2,433632,false,2026-01-28T06:27:21.098Z,2026-01-28T06:27:21.098Z
203,d8ae9329-a72a-4b9d-a45a-e4ed6c4e7b1b,4,3,261305,false,2026-01-28T06:27:21.098Z,2026-01-28T06:27:21.098Z
204,65b1696b-d9b3-4bfe-8ba9-db215cf64aab,4,1,310632,false,2026-01-28T06:27:21.098Z,2026-01-28T06:27:21.098Z
205,3746cb43-7626-4137-9547-95ed33a47a15,4,2,076252,false,2026-01-28T06:27:21.098Z,2026-01-28T06:27:21.098Z
206,3cc3f458-ccfc-44cf-bd2f-40382e318168,4,3,776259,false,2026-01-28T06:27:21.098Z,2026-01-28T06:27:21.098Z
207,72576a6d-0161-4e05-a20c-ae2bbe71da26,4,1,810532,false,2026-01-28T06:27:21.098Z,2026-01-28T06:27:21.098Z
208,b1ac43e7-d48a-4b64-aa2c-0752fd0fd15f,4,2,706431,false,2026-01-28T06:27:21.098Z,2026-01-28T06:27:21.098Z
209,3581b66f-2834-4ad9-87c5-cf12c194f274,4,3,127944,false,2026-01-28T06:27:21.098Z,2026-01-28T06:27:21.098Z
210,426ffef2-f05d-4a78-bdd8-800d1f1e9ce6,4,1,084821,false,2026-01-28T06:27:21.098Z,2026-01-28T06:27:21.098Z
211,7705bbb0-0704-44ac-abe2-ed9acd8e3f02,4,2,977341,false,2026-01-28T06:27:21.098Z,2026-01-28T06:27:21.098Z
212,36325af4-50bd-4dd7-9027-e73c9885e7a3,4,3,475211,false,2026-01-28T06:27:21.098Z,2026-01-28T06:27:21.098Z
213,c9790739-b12c-4593-b3a1-e75ecfda0c17,4,1,596374,false,2026-01-28T06:27:21.098Z,2026-01-28T06:27:21.098Z
214,2d17a107-84dc-4a23-a098-10dd60fdf623,4,2,361216,false,2026-01-28T06:27:21.098Z,2026-01-28T06:27:21.098Z
215,a5f6574e-cf2c-435b-8bbd-152b98293f96,4,3,881956,false,2026-01-28T06:27:21.098Z,2026-01-28T06:27:21.098Z
216,7c3a5fbc-7608-4606-85a9-3a1fe20be00e,4,1,406681,false,2026-01-28T06:27:21.098Z,2026-01-28T06:27:21.098Z
217,881acdc9-3dce-4b6e-8467-a031be535b31,4,2,160929,false,2026-01-28T06:27:21.098Z,2026-01-28T06:27:21.098Z
218,1596f474-8a20-4f94-b2fc-0b7f688b196e,4,3,425350,false,2026-01-28T06:27:21.098Z,2026-01-28T06:27:21.098Z
219,543a834e-49e8-40a6-aaeb-f8270b74bb5e,4,1,826245,false,2026-01-28T06:27:21.098Z,2026-01-28T06:27:21.098Z
220,bd9721df-e630-4e35-992a-200f53355240,4,2,055049,false,2026-01-28T06:27:21.099Z,2026-01-28T06:27:21.099Z
221,ec2f0231-c52e-4223-9d64-4efb4838bc3d,4,3,165067,false,2026-01-28T06:27:21.099Z,2026-01-28T06:27:21.099Z
222,dd905f02-b7cc-4a89-85f5-8b64b6a3afa3,4,1,555828,false,2026-01-28T06:27:21.099Z,2026-01-28T06:27:21.099Z
223,03ee3a08-48b7-4656-8d05-ca17f07e0cfa,4,2,626086,false,2026-01-28T06:27:21.099Z,2026-01-28T06:27:21.099Z
224,5666baa0-17ed-4b4f-8d1a-cf13368878b1,4,3,286050,false,2026-01-28T06:27:21.099Z,2026-01-28T06:27:21.099Z
225,2d74c8f9-91c7-400f-91c6-f913cb3fe062,4,1,430360,false,2026-01-28T06:27:21.099Z,2026-01-28T06:27:21.099Z
226,9cae2c6b-2f6b-46f2-bd62-ed3f10be1dde,4,2,819301,false,2026-01-28T06:27:21.099Z,2026-01-28T06:27:21.099Z
227,32659a72-ebb5-4284-b9e2-f96a6ed8269b,4,3,929318,false,2026-01-28T06:27:21.099Z,2026-01-28T06:27:21.099Z
228,ec8e3688-4bc3-4344-9d64-df4cabfea3cc,4,1,395673,false,2026-01-28T06:27:21.099Z,2026-01-28T06:27:21.099Z
229,8db42816-9f55-4470-b991-0b3994a6a5a9,4,2,889781,false,2026-01-28T06:27:21.099Z,2026-01-28T06:27:21.099Z
230,02eedc9f-f057-46c1-8fa2-005935adb6bf,4,3,709921,false,2026-01-28T06:27:21.099Z,2026-01-28T06:27:21.099Z
231,68c096ea-a8b7-40c1-8c6d-e77775c7e084,4,1,113735,false,2026-01-28T06:27:21.099Z,2026-01-28T06:27:21.099Z
232,061bb05c-6bc3-4de9-b12e-27b30aea0b5d,4,2,021946,false,2026-01-28T06:27:21.099Z,2026-01-28T06:27:21.099Z
233,ec076e03-325b-4a36-9b2f-dd2d53c80dbe,4,3,177843,false,2026-01-28T06:27:21.099Z,2026-01-28T06:27:21.099Z
234,c6a68575-4620-4791-94c1-b43033352ba7,4,1,423215,false,2026-01-28T06:27:21.099Z,2026-01-28T06:27:21.099Z
235,0be782bd-2b28-4844-b67f-df9021ad9b8d,4,2,566095,false,2026-01-28T06:27:21.099Z,2026-01-28T06:27:21.099Z
236,8bd33191-aa2c-4da9-a28e-800e68df797f,4,3,198664,false,2026-01-28T06:27:21.099Z,2026-01-28T06:27:21.099Z
237,ed52f249-3ba6-4155-8843-9ae1bdb1132e,4,1,710273,false,2026-01-28T06:27:21.099Z,2026-01-28T06:27:21.099Z
238,3e237637-a91f-4682-83ec-e2b4a7f3d37f,4,2,103826,false,2026-01-28T06:27:21.099Z,2026-01-28T06:27:21.099Z
239,38f3fc8a-b440-454b-b029-df2534e8cdd9,4,3,355029,false,2026-01-28T06:27:21.099Z,2026-01-28T06:27:21.099Z
240,816e3358-6b63-414b-b34a-04063f40c3f3,4,1,689290,false,2026-01-28T06:27:21.099Z,2026-01-28T06:27:21.099Z
241,e60464ac-8166-48d4-a626-2fba4360a405,4,2,665778,false,2026-01-28T06:27:21.099Z,2026-01-28T06:27:21.099Z
242,f162f2a1-a4ac-46f8-ad31-accbb902a599,4,3,089730,false,2026-01-28T06:27:21.099Z,2026-01-28T06:27:21.099Z
243,6be5384a-269d-4dae-a418-d2ca30f39f1f,4,1,829891,false,2026-01-28T06:27:21.099Z,2026-01-28T06:27:21.099Z
244,239e5e62-3d64-4189-a7d6-1b0bdc5941ba,4,2,310203,false,2026-01-28T06:27:21.100Z,2026-01-28T06:27:21.100Z
245,cd973103-6e08-46a0-b7c2-5edb474e2bb8,4,3,527743,false,2026-01-28T06:27:21.100Z,2026-01-28T06:27:21.100Z
246,58f86e4d-212d-42b3-aad1-8be633b78fa0,4,1,764033,false,2026-01-28T06:27:21.100Z,2026-01-28T06:27:21.100Z
247,3ac23041-1a67-4a3c-b511-128d72b36056,4,2,962502,false,2026-01-28T06:27:21.100Z,2026-01-28T06:27:21.100Z
248,d76b1f87-7926-44c7-9d7e-e0dee2ca3c3a,4,3,325175,false,2026-01-28T06:27:21.100Z,2026-01-28T06:27:21.100Z
249,b755a1f1-eadc-44d3-a8f6-6fa095675db5,4,1,831593,false,2026-01-28T06:27:21.100Z,2026-01-28T06:27:21.100Z
250,4ac54e99-6b1e-430f-8113-dede5972c8fe,4,2,962455,false,2026-01-28T06:27:21.100Z,2026-01-28T06:27:21.100Z
251,7402025b-9c63-4822-8b6f-1111336658e3,4,3,370108,false,2026-01-28T06:27:21.100Z,2026-01-28T06:27:21.100Z
252,a8ec58e9-1f78-47d8-b66f-268d29e94ce7,4,1,256917,false,2026-01-28T06:27:21.100Z,2026-01-28T06:27:21.100Z
253,c680a95f-d399-49e4-9de6-2b777717a24b,4,2,371581,false,2026-01-28T06:27:21.100Z,2026-01-28T06:27:21.100Z
254,90f12441-273b-4627-b2c2-77a4a2e39c9e,4,3,453674,false,2026-01-28T06:27:21.100Z,2026-01-28T06:27:21.100Z
255,5cc431c7-57f1-486b-aea5-d200e17af17e,4,1,591332,false,2026-01-28T06:27:21.100Z,2026-01-28T06:27:21.100Z
256,aee2bfda-b10e-42e8-9c7a-3251fe893cc2,4,2,483645,false,2026-01-28T06:27:21.100Z,2026-01-28T06:27:21.100Z
257,a9d0c468-fc0a-4dda-beda-60436c3fdd11,4,3,824056,false,2026-01-28T06:27:21.100Z,2026-01-28T06:27:21.100Z
258,8f4b5287-c16a-425c-98c7-9b875a8a6b4f,4,1,863018,false,2026-01-28T06:27:21.100Z,2026-01-28T06:27:21.100Z
259,b4ef21ec-9fe4-400c-a012-eb0c552dcff2,4,2,445068,false,2026-01-28T06:27:21.100Z,2026-01-28T06:27:21.100Z
260,49b2cb3e-4386-4f88-9391-6a753527d24b,4,3,474035,false,2026-01-28T06:27:21.100Z,2026-01-28T06:27:21.100Z
261,d2df9e2d-81f2-493d-a7ea-01d33de05116,4,1,976658,false,2026-01-28T06:27:21.100Z,2026-01-28T06:27:21.100Z
262,dcd61dd4-793d-456d-8722-c10e7459c12a,4,2,081833,false,2026-01-28T06:27:21.100Z,2026-01-28T06:27:21.100Z
263,57ec5961-2ff5-4cbe-90b2-f1dbc1663ca0,4,3,840681,false,2026-01-28T06:27:21.100Z,2026-01-28T06:27:21.100Z
264,69f14ab3-b4b0-4236-9297-cca5ad3a8fbf,4,1,626150,false,2026-01-28T06:27:21.100Z,2026-01-28T06:27:21.100Z
265,624aa6b0-7efe-4af6-98da-bf9db05a2f21,4,2,159684,false,2026-01-28T06:27:21.100Z,2026-01-28T06:27:21.100Z
266,79a03fa1-ae74-46c9-a655-fc89b4bec5aa,4,3,317453,false,2026-01-28T06:27:21.100Z,2026-01-28T06:27:21.100Z
267,782a1ae3-f801-47bc-8776-629fbf68249f,4,1,014920,false,2026-01-28T06:27:21.100Z,2026-01-28T06:27:21.100Z
268,db619a72-4c3b-43ab-8116-e18922bcb285,4,2,423558,false,2026-01-28T06:27:21.100Z,2026-01-28T06:27:21.100Z
269,4ba42b03-b437-42d4-b73d-a441949fd0e4,4,3,949172,false,2026-01-28T06:27:21.100Z,2026-01-28T06:27:21.100Z
270,177c1450-30d1-45fc-b05e-a505d95f0a65,4,1,250736,false,2026-01-28T06:27:21.100Z,2026-01-28T06:27:21.100Z
271,08f9d305-93c6-4a4a-b11e-23f3a7929091,4,2,105239,false,2026-01-28T06:27:21.100Z,2026-01-28T06:27:21.100Z
272,d2361c53-ee6d-42df-bd09-9a6f38fa8db5,4,3,140828,false,2026-01-28T06:27:21.104Z,2026-01-28T06:27:21.104Z
273,72405367-c65a-4892-a5cf-1c41cd82fe16,4,1,189490,false,2026-01-28T06:27:21.104Z,2026-01-28T06:27:21.104Z
274,7f38bc7e-be14-4042-b61a-16ba3b27a39c,4,2,383720,false,2026-01-28T06:27:21.104Z,2026-01-28T06:27:21.104Z
275,45a7c00e-8978-4ba5-a7f5-b1aac5b6f447,4,3,971060,false,2026-01-28T06:27:21.104Z,2026-01-28T06:27:21.104Z
276,d0b45386-7c98-4312-b2a1-583ab608527a,4,1,487562,false,2026-01-28T06:27:21.104Z,2026-01-28T06:27:21.104Z
277,8763efdd-9f50-48cc-baad-2417112cede1,4,2,603199,false,2026-01-28T06:27:21.104Z,2026-01-28T06:27:21.104Z
278,cbb88a3e-dfea-425d-bdc7-6efd985f7890,4,3,470174,false,2026-01-28T06:27:21.104Z,2026-01-28T06:27:21.104Z
279,300d5224-da5f-4584-b34e-bc058dbc74a4,4,1,196815,false,2026-01-28T06:27:21.104Z,2026-01-28T06:27:21.104Z
280,fee9835a-0f32-4103-9abd-284a70551743,4,2,492197,false,2026-01-28T06:27:21.104Z,2026-01-28T06:27:21.104Z
281,0ccab03d-e729-4dc8-b4d6-10675dcefb8b,4,3,948865,false,2026-01-28T06:27:21.104Z,2026-01-28T06:27:21.104Z
282,380fd61e-cee2-467d-a3ad-80d548c93654,4,1,570609,false,2026-01-28T06:27:21.104Z,2026-01-28T06:27:21.104Z
283,4517fe13-30df-48bd-b6a2-64d07cbfc7be,4,2,780820,false,2026-01-28T06:27:21.104Z,2026-01-28T06:27:21.104Z
284,e2893645-e288-4d25-836f-bc1809f1ca3d,4,3,294839,false,2026-01-28T06:27:21.104Z,2026-01-28T06:27:21.104Z
285,9cd2c8eb-b3bd-41ae-8f1a-0083b0d48b5b,4,1,988712,false,2026-01-28T06:27:21.104Z,2026-01-28T06:27:21.104Z
286,dc2c8789-7149-402d-82f0-a725030adb90,4,2,816858,false,2026-01-28T06:27:21.104Z,2026-01-28T06:27:21.104Z
287,265e60a4-301b-47d3-b196-003cded757b3,4,3,417814,false,2026-01-28T06:27:21.104Z,2026-01-28T06:27:21.104Z
288,ddbd7a89-a837-49a0-afc7-34abc0daf5e8,4,1,453552,false,2026-01-28T06:27:21.104Z,2026-01-28T06:27:21.104Z
289,56934b3d-7b66-429c-a447-768ad8e05cce,4,2,656326,false,2026-01-28T06:27:21.104Z,2026-01-28T06:27:21.104Z
290,984ed85d-dc7e-4734-b830-4c6888b9825b,4,3,008892,false,2026-01-28T06:27:21.104Z,2026-01-28T06:27:21.104Z
291,152e922d-8406-4cbf-a84b-5a42d0cdfe11,4,1,805676,false,2026-01-28T06:27:21.104Z,2026-01-28T06:27:21.104Z
292,76f81269-8347-4f98-8f19-7c9b93e69b1f,4,2,413202,false,2026-01-28T06:27:21.104Z,2026-01-28T06:27:21.104Z
293,a9fa73ed-cfe9-4c38-bd25-dc08774a5773,4,3,409716,false,2026-01-28T06:27:21.104Z,2026-01-28T06:27:21.104Z
294,32a310dd-a744-4d2b-baf1-710afcaf28a3,4,1,206064,false,2026-01-28T06:27:21.104Z,2026-01-28T06:27:21.104Z
295,89bbbf08-2f51-4390-9ee1-19258c944b2f,4,2,664877,false,2026-01-28T06:27:21.104Z,2026-01-28T06:27:21.104Z
296,83aed8fa-a8d4-4d60-89f6-b67acce33fdb,4,3,779384,false,2026-01-28T06:27:21.104Z,2026-01-28T06:27:21.104Z
297,4209f780-ad49-4de7-839e-6dd0114a366e,4,1,024312,false,2026-01-28T06:27:21.104Z,2026-01-28T06:27:21.104Z
298,74411ca7-973f-4dab-946b-18ec55ff3f14,4,2,081322,false,2026-01-28T06:27:21.104Z,2026-01-28T06:27:21.104Z
299,c187c1e9-f504-4e9e-8aba-fc6376696640,4,3,766984,false,2026-01-28T06:27:21.104Z,2026-01-28T06:27:21.104Z
300,bdabff7e-f0ca-4356-8b4d-9be8efbe4746,4,1,694828,false,2026-01-28T06:27:21.104Z,2026-01-28T06:27:21.104Z
301,725a79a8-6aec-42a8-b0fa-c893196db96b,4,2,193667,false,2026-01-28T06:27:21.104Z,2026-01-28T06:27:21.104Z
302,4709bf6e-b5a9-449c-aaf0-0d9e4b105725,4,3,732051,false,2026-01-28T06:27:21.104Z,2026-01-28T06:27:21.104Z
303,0b76f854-63c4-423e-9ccf-123f6a939a0b,4,1,845623,false,2026-01-28T06:27:21.104Z,2026-01-28T06:27:21.104Z
304,1b7dde43-0032-4c05-b7aa-232e5e5c6980,4,2,911300,false,2026-01-28T06:27:21.104Z,2026-01-28T06:27:21.104Z
305,e4eb039c-4b7e-477a-8e6f-5b87e224d543,4,3,809399,false,2026-01-28T06:27:21.105Z,2026-01-28T06:27:21.105Z
306,0520f749-5c5b-404a-9f6d-3547bcf9a069,4,1,925398,false,2026-01-28T06:27:21.105Z,2026-01-28T06:27:21.105Z
307,a7fec76f-fc53-4e41-891b-eac7004ca28c,4,2,920767,false,2026-01-28T06:27:21.105Z,2026-01-28T06:27:21.105Z
308,fbe31d2f-276b-4631-ad69-14b3bac3a0b3,4,3,635197,false,2026-01-28T06:27:21.105Z,2026-01-28T06:27:21.105Z
309,2c33bef5-f39c-4a6b-b5e6-56bff59f6e8e,4,1,852649,false,2026-01-28T06:27:21.105Z,2026-01-28T06:27:21.105Z
310,9defa68e-9269-4ff1-9445-7dbd80b7713c,4,2,466679,false,2026-01-28T06:27:21.105Z,2026-01-28T06:27:21.105Z
311,3a0c36e1-bc8c-43b6-8bea-abe2405745b7,4,3,470123,false,2026-01-28T06:27:21.105Z,2026-01-28T06:27:21.105Z
312,28f62f29-0388-4131-9f20-ecc244a42f0a,4,1,387187,false,2026-01-28T06:27:21.105Z,2026-01-28T06:27:21.105Z
313,c1c258ae-c79a-4dee-9956-6abfaeaa3639,4,2,932491,false,2026-01-28T06:27:21.105Z,2026-01-28T06:27:21.105Z
314,677772ed-e944-4931-9a5d-84bcf97fc8fd,4,3,686149,false,2026-01-28T06:27:21.105Z,2026-01-28T06:27:21.105Z
315,fd2c3377-8a13-4d70-b37c-c4a4c032adec,4,1,948818,false,2026-01-28T06:27:21.105Z,2026-01-28T06:27:21.105Z
316,bdca7c12-0cc9-4dfe-a17f-7779c70baf42,4,2,291710,false,2026-01-28T06:27:21.105Z,2026-01-28T06:27:21.105Z
317,da191aed-58ea-4da7-ac4a-6b13ada99868,4,3,171912,false,2026-01-28T06:27:21.105Z,2026-01-28T06:27:21.105Z
318,9657c1c5-4c49-4522-ae32-8e8258a91243,4,1,432925,false,2026-01-28T06:27:21.105Z,2026-01-28T06:27:21.105Z
319,385154b5-7065-44f4-a9c6-8e186bcfc795,4,2,082097,false,2026-01-28T06:27:21.105Z,2026-01-28T06:27:21.105Z
320,291cc121-ed68-459c-8123-004a6d214c07,4,3,161076,false,2026-01-28T06:27:21.105Z,2026-01-28T06:27:21.105Z
321,5ddb13a1-59d3-4721-85ef-e1f0bf542dbd,4,1,340407,false,2026-01-28T06:27:21.105Z,2026-01-28T06:27:21.105Z
322,29c3b4ac-cd09-424c-aa87-9f73fcf3ac4d,4,2,709251,false,2026-01-28T06:27:21.105Z,2026-01-28T06:27:21.105Z
323,2d037fe1-3d6a-4260-8309-9c5f87431d52,4,3,550533,false,2026-01-28T06:27:21.105Z,2026-01-28T06:27:21.105Z
324,c948be6e-5a34-41f1-855f-9506781e1937,4,1,302722,false,2026-01-28T06:27:21.105Z,2026-01-28T06:27:21.105Z
325,70782518-23b5-4c02-a544-50a0643db1f9,4,2,525287,false,2026-01-28T06:27:21.105Z,2026-01-28T06:27:21.105Z
326,7a8e903e-b897-4f19-9874-bfabca2ba823,4,3,882366,false,2026-01-28T06:27:21.105Z,2026-01-28T06:27:21.105Z
327,e7a7c6cc-6852-4d9f-be91-9c1a3794a20b,4,1,154082,false,2026-01-28T06:27:21.105Z,2026-01-28T06:27:21.105Z
328,e34c70ef-8bca-4bc9-b524-117cab571c51,4,2,376103,false,2026-01-28T06:27:21.105Z,2026-01-28T06:27:21.105Z
329,dc4c69b7-8d10-4474-9fd1-d67b9bc6951c,4,3,475340,false,2026-01-28T06:27:21.105Z,2026-01-28T06:27:21.105Z
330,7220d879-bd29-473f-af24-857bec4755a0,4,1,641613,false,2026-01-28T06:27:21.105Z,2026-01-28T06:27:21.105Z
331,7bf246d9-9776-4dea-b67c-b96c992f95fa,4,2,556853,false,2026-01-28T06:27:21.105Z,2026-01-28T06:27:21.105Z
332,25332e3f-e2fc-4e09-ad68-dd9230fc8bd7,4,3,264970,false,2026-01-28T06:27:21.105Z,2026-01-28T06:27:21.105Z
333,af1b7892-97f4-4ae3-a7c3-59adb40512bc,4,1,210210,false,2026-01-28T06:27:21.105Z,2026-01-28T06:27:21.105Z
334,df93a185-29a5-4815-aedc-99a00edff49b,4,2,222483,false,2026-01-28T06:27:21.105Z,2026-01-28T06:27:21.105Z
335,f71213a2-ef0f-4a6d-ae40-0792c19fb60f,4,3,806966,false,2026-01-28T06:27:21.105Z,2026-01-28T06:27:21.105Z
336,f6635748-37ef-4b5d-9a96-9f8392f3a2a2,4,1,365690,false,2026-01-28T06:27:21.105Z,2026-01-28T06:27:21.105Z
337,be5f0f25-8b31-4f0d-bebc-020222978963,4,2,546765,false,2026-01-28T06:27:21.105Z,2026-01-28T06:27:21.105Z
338,2dab599b-d15f-48df-b9b3-76891687af91,4,3,223935,false,2026-01-28T06:27:21.106Z,2026-01-28T06:27:21.106Z
339,54b15688-a774-4f71-ac10-2c4c84a6ea2e,4,1,338522,false,2026-01-28T06:27:21.106Z,2026-01-28T06:27:21.106Z
340,e6eeb906-0230-430f-b7e3-0daa134168b7,4,2,087545,false,2026-01-28T06:27:21.106Z,2026-01-28T06:27:21.106Z
341,983d774d-43fc-4b92-bb63-7341f78e1db1,4,3,426342,false,2026-01-28T06:27:21.106Z,2026-01-28T06:27:21.106Z
342,58d55a10-312f-4cb0-b688-a52a4516360f,4,1,238537,false,2026-01-28T06:27:21.106Z,2026-01-28T06:27:21.106Z
343,d1bbb1b4-2459-4c87-bd4b-b1f02dbc20e2,4,2,452926,false,2026-01-28T06:27:21.106Z,2026-01-28T06:27:21.106Z
344,60167516-d68c-4fe9-90d0-6a17013f700e,4,3,308729,false,2026-01-28T06:27:21.106Z,2026-01-28T06:27:21.106Z
345,01a14c96-6d22-41b4-a3cb-3a501fbeb7a9,4,1,541415,false,2026-01-28T06:27:21.106Z,2026-01-28T06:27:21.106Z
346,9002e3d2-3856-40e4-b0e1-472df31a22cf,4,2,489076,false,2026-01-28T06:27:21.106Z,2026-01-28T06:27:21.106Z
347,0d44d91b-8d47-4ea7-b64f-356de3b6c450,4,3,556334,false,2026-01-28T06:27:21.106Z,2026-01-28T06:27:21.106Z
348,8fee9aa1-91d2-40d6-a481-af582f51f8b1,4,1,750776,false,2026-01-28T06:27:21.106Z,2026-01-28T06:27:21.106Z
349,1246543d-e37c-418b-bd68-57c1204dfb72,4,2,325604,false,2026-01-28T06:27:21.106Z,2026-01-28T06:27:21.106Z
350,d9d80b51-82bb-45ce-af92-d9a4e69d0381,4,3,146858,false,2026-01-28T06:27:21.106Z,2026-01-28T06:27:21.106Z
351,48c91c1b-81eb-4459-8164-936985dbaf6f,4,1,596884,false,2026-01-28T06:27:21.106Z,2026-01-28T06:27:21.106Z
352,f7284fb6-d85d-4dd5-bc0b-16a8805b1368,4,2,145860,false,2026-01-28T06:27:21.106Z,2026-01-28T06:27:21.106Z
353,b55ad338-5fe4-4c6c-9abb-e5d3c92e9850,4,3,896407,false,2026-01-28T06:27:21.106Z,2026-01-28T06:27:21.106Z
354,a44373a7-0b8e-47c7-b63d-d0edfe005f76,4,1,999183,false,2026-01-28T06:27:21.106Z,2026-01-28T06:27:21.106Z
355,655356a9-adca-46f6-a3c9-0a2c5bb59534,4,2,609211,false,2026-01-28T06:27:21.106Z,2026-01-28T06:27:21.106Z
356,fb574f11-f404-409e-ac0d-1fe4cee2957f,4,3,927859,false,2026-01-28T06:27:21.106Z,2026-01-28T06:27:21.106Z
357,4a49f0b1-da7f-4718-9f6a-d90a24d60d13,4,1,712985,false,2026-01-28T06:27:21.106Z,2026-01-28T06:27:21.106Z
358,92b643a6-d681-4363-bf8c-a9a3c38a0b47,4,2,232786,false,2026-01-28T06:27:21.106Z,2026-01-28T06:27:21.106Z
359,31932a66-5bce-4e2b-a1da-85ba338df96e,4,3,661586,false,2026-01-28T06:27:21.106Z,2026-01-28T06:27:21.106Z
360,8dcfcad6-dfba-48fe-83f2-1f030bf28818,4,1,814078,false,2026-01-28T06:27:21.106Z,2026-01-28T06:27:21.106Z
361,137bde93-897e-48d6-827b-4eb780f8dcc4,4,2,943348,false,2026-01-28T06:27:21.106Z,2026-01-28T06:27:21.106Z
362,547aae65-b6be-47d7-ab58-9f0cdb1eae1f,4,3,539071,false,2026-01-28T06:27:21.106Z,2026-01-28T06:27:21.106Z
363,0f10914c-3468-4b01-855c-b81819f20385,4,1,849613,false,2026-01-28T06:27:21.106Z,2026-01-28T06:27:21.106Z
364,aff244d4-42fb-4f1d-a8b0-5389f4c02d36,4,2,974660,false,2026-01-28T06:27:21.106Z,2026-01-28T06:27:21.106Z
365,43c9f0b1-b80c-40d5-be4a-403190f08f3c,4,3,337969,false,2026-01-28T06:27:21.106Z,2026-01-28T06:27:21.106Z
366,9c4d1141-bfbd-42cb-ba9c-9929c51f17e8,4,1,221237,false,2026-01-28T06:27:21.106Z,2026-01-28T06:27:21.106Z
367,49cbd0df-a222-46ea-a7be-b7ac0bd35eca,4,2,118767,false,2026-01-28T06:27:21.106Z,2026-01-28T06:27:21.106Z
368,51022d49-b9d3-40c1-9198-723d26c2d758,4,3,007083,false,2026-01-28T06:27:21.106Z,2026-01-28T06:27:21.106Z
369,0fb482ea-2df3-4b3f-adbb-8781ef28fb7f,4,1,298906,false,2026-01-28T06:27:21.106Z,2026-01-28T06:27:21.106Z
370,e94c0393-85ae-4a6d-9561-06e251241cf2,4,2,161636,false,2026-01-28T06:27:21.106Z,2026-01-28T06:27:21.106Z
371,b4d7207c-cda5-4570-b412-e1c034e227fa,4,3,690261,false,2026-01-28T06:27:21.106Z,2026-01-28T06:27:21.106Z
372,06adaea4-874b-4c7e-9d21-be25854649ed,4,1,356382,false,2026-01-28T06:27:21.106Z,2026-01-28T06:27:21.106Z
373,3b5d3157-4f34-413b-8bb1-101f29d35c27,4,2,383077,false,2026-01-28T06:27:21.106Z,2026-01-28T06:27:21.106Z
374,c78914fa-ea09-4c8e-ad04-027e21cde924,4,3,026326,false,2026-01-28T06:27:21.106Z,2026-01-28T06:27:21.106Z
375,d2dc6eeb-5623-4e93-8a2d-2e995da0f987,4,1,928568,false,2026-01-28T06:27:21.106Z,2026-01-28T06:27:21.106Z
376,9eea410f-7b24-425c-97b2-2a6c14d8f3f6,4,2,262554,false,2026-01-28T06:27:21.106Z,2026-01-28T06:27:21.106Z
377,51d1e146-0ffc-48e0-b6f7-199e435d8d97,4,3,081879,false,2026-01-28T06:27:21.106Z,2026-01-28T06:27:21.106Z
378,3aa6fb96-8990-4bb6-8b05-5b882fab448f,4,1,037790,false,2026-01-28T06:27:21.106Z,2026-01-28T06:27:21.106Z
379,fbcb82ad-3bdf-49b3-981a-9b42a59bde47,4,2,788189,false,2026-01-28T06:27:21.107Z,2026-01-28T06:27:21.107Z
380,00f96f30-82e3-4765-9d59-3a4a7a264b44,4,3,847727,false,2026-01-28T06:27:21.107Z,2026-01-28T06:27:21.107Z
381,0590aa6f-d2bc-4ef5-9f24-c892541e1afe,4,1,564748,false,2026-01-28T06:27:21.107Z,2026-01-28T06:27:21.107Z
382,3ee4056f-3be2-4346-93b7-2c694e394e1e,4,2,711353,false,2026-01-28T06:27:21.107Z,2026-01-28T06:27:21.107Z
383,054d9c50-9a28-4638-9b16-59b5804e6fcd,4,3,261275,false,2026-01-28T06:27:21.107Z,2026-01-28T06:27:21.107Z
384,56732c88-d5a9-4b82-ad31-8b07b67c6b0a,4,1,975699,false,2026-01-28T06:27:21.107Z,2026-01-28T06:27:21.107Z
385,f650f8a3-d983-4b87-a0ae-e5ec494ab558,4,2,549883,false,2026-01-28T06:27:21.107Z,2026-01-28T06:27:21.107Z
386,a52d6b0b-043e-4fc0-9152-bc844f67f8bd,4,3,652751,false,2026-01-28T06:27:21.107Z,2026-01-28T06:27:21.107Z
387,5bf1afd2-7b6b-4538-b07e-840157e32733,4,1,219329,false,2026-01-28T06:27:21.107Z,2026-01-28T06:27:21.107Z
388,523e1429-5a34-460c-bd43-32ba7ba9155e,4,2,066956,false,2026-01-28T06:27:21.107Z,2026-01-28T06:27:21.107Z
389,888aeb30-cbd5-4f70-b274-c4fe31d6f9bc,4,3,982012,false,2026-01-28T06:27:21.107Z,2026-01-28T06:27:21.107Z
390,0f58ef28-0c88-443b-b8b6-5e81c73538a8,4,1,345398,false,2026-01-28T06:27:21.107Z,2026-01-28T06:27:21.107Z
391,0a55e5f1-9912-4ff2-8e69-9d56522716b2,4,2,278383,false,2026-01-28T06:27:21.107Z,2026-01-28T06:27:21.107Z
392,23eee1d6-0fd4-4699-9c9c-9b76904b8256,4,3,795505,false,2026-01-28T06:27:21.107Z,2026-01-28T06:27:21.107Z
393,64cf2fc4-6f4c-49f5-8f9c-39ab144b6c64,4,1,103630,false,2026-01-28T06:27:21.107Z,2026-01-28T06:27:21.107Z
394,2d147c37-83f1-49fd-acfe-c1cada1ff38b,4,2,504249,false,2026-01-28T06:27:21.107Z,2026-01-28T06:27:21.107Z
395,c960f22a-bddb-462f-bb71-ffa923524895,4,3,451780,false,2026-01-28T06:27:21.107Z,2026-01-28T06:27:21.107Z
396,cfc7a96f-93ca-4349-975e-ea0591255775,4,1,985083,false,2026-01-28T06:27:21.107Z,2026-01-28T06:27:21.107Z
397,29a21f88-2b48-43de-8b03-066c4f409a2f,4,2,173272,false,2026-01-28T06:27:21.107Z,2026-01-28T06:27:21.107Z
398,c8e7af91-80b6-4f0d-b170-907878b06df3,4,3,084196,false,2026-01-28T06:27:21.107Z,2026-01-28T06:27:21.107Z
399,a64faf44-c02b-4c93-9de5-bed6397b4922,4,1,472537,false,2026-01-28T06:27:21.107Z,2026-01-28T06:27:21.107Z
400,78d2b504-3d28-417c-af32-03996bf888d7,4,2,873118,false,2026-01-28T06:27:21.107Z,2026-01-28T06:27:21.107Z
401,d04e87e4-1496-4a92-9b86-fc54dc3f0c8a,4,3,960808,false,2026-01-28T06:27:21.107Z,2026-01-28T06:27:21.107Z
402,1942236b-55de-40c6-9b7d-f4aa02dde788,4,1,875728,false,2026-01-28T06:27:21.107Z,2026-01-28T06:27:21.107Z
403,2b0236d6-1aa9-42dc-9e10-800f30de98b2,4,2,898383,false,2026-01-28T06:27:21.107Z,2026-01-28T06:27:21.107Z
404,001cf0c4-c557-4411-9ece-4aa4183bfcef,4,3,559442,false,2026-01-28T06:27:21.107Z,2026-01-28T06:27:21.107Z
405,c42c51b0-8a96-4ffa-8ade-8e6c3e513a53,4,1,429925,false,2026-01-28T06:27:21.107Z,2026-01-28T06:27:21.107Z
406,2c2e83c9-5a24-45b7-bbc4-133d76fbb3a6,4,2,832424,false,2026-01-28T06:27:21.107Z,2026-01-28T06:27:21.107Z
407,aac4f057-7601-4713-b553-6d14d1772067,4,3,653604,false,2026-01-28T06:27:21.107Z,2026-01-28T06:27:21.107Z
408,81bc0884-9b65-434d-8e68-6d5ede9e8cd6,4,1,264163,false,2026-01-28T06:27:21.107Z,2026-01-28T06:27:21.107Z
409,d49dc766-37e7-4f12-963c-bb75db203b31,4,2,935243,false,2026-01-28T06:27:21.107Z,2026-01-28T06:27:21.107Z
410,121af9cc-3f5b-4352-99dd-85815a663fbc,4,3,337656,false,2026-01-28T06:27:21.107Z,2026-01-28T06:27:21.107Z
411,ae8057f5-d9ea-429a-a8b8-7d51ce7d631b,4,1,940966,false,2026-01-28T06:27:21.107Z,2026-01-28T06:27:21.107Z
412,2aa5494b-b221-439c-aae9-9f9d825d34b8,4,2,713503,false,2026-01-28T06:27:21.107Z,2026-01-28T06:27:21.107Z
413,32c5773b-14d7-46b5-8ccb-31a486f1e2c0,4,3,635133,false,2026-01-28T06:27:21.107Z,2026-01-28T06:27:21.107Z
414,f15f7918-eeaa-46d0-90d2-40d46b31e6f7,4,1,660774,false,2026-01-28T06:27:21.108Z,2026-01-28T06:27:21.108Z
415,2298c1ed-2460-41bf-aad8-0f15873822fb,4,2,526078,false,2026-01-28T06:27:21.108Z,2026-01-28T06:27:21.108Z
416,541aed67-002a-4407-8c71-616d331a096d,4,3,055472,false,2026-01-28T06:27:21.108Z,2026-01-28T06:27:21.108Z
417,e901e8d1-9b84-4244-8029-7343feb4acc8,4,1,199881,false,2026-01-28T06:27:21.108Z,2026-01-28T06:27:21.108Z
418,55c0726d-741b-4f40-9826-7061c66efea5,4,2,844509,false,2026-01-28T06:27:21.108Z,2026-01-28T06:27:21.108Z
419,9ed2a03c-59c4-419c-a17b-493ff8130b89,4,3,339640,false,2026-01-28T06:27:21.108Z,2026-01-28T06:27:21.108Z
420,7ab1ed4e-605e-4b85-8f5f-48a172ec1b84,4,1,786193,false,2026-01-28T06:27:21.108Z,2026-01-28T06:27:21.108Z
421,4c9dbad0-e30b-4e68-ad63-b7c7d5e5ee61,4,2,735255,false,2026-01-28T06:27:21.108Z,2026-01-28T06:27:21.108Z
422,bd67e84e-e1b4-4d0d-8328-e0d98dd0f408,4,3,185381,false,2026-01-28T06:27:21.108Z,2026-01-28T06:27:21.108Z
423,0141cec9-e055-4bed-a665-c15416818c97,4,1,352132,false,2026-01-28T06:27:21.108Z,2026-01-28T06:27:21.108Z
424,50bb2efb-fec5-44e1-84eb-32947f96cf6a,4,2,615267,false,2026-01-28T06:27:21.108Z,2026-01-28T06:27:21.108Z
425,0f05ceae-4eb7-4b46-b6d9-a5dd82209a1b,4,3,066208,false,2026-01-28T06:27:21.108Z,2026-01-28T06:27:21.108Z
426,07b77870-1ea7-4140-aba4-06b6af3f780d,4,1,806854,false,2026-01-28T06:27:21.108Z,2026-01-28T06:27:21.108Z
427,e9a68777-bc98-48ae-a6f0-2f635f978a8a,4,2,757951,false,2026-01-28T06:27:21.108Z,2026-01-28T06:27:21.108Z
428,414ce863-c2a2-46ab-9e7d-a82d3b10c8ad,4,3,649656,false,2026-01-28T06:27:21.108Z,2026-01-28T06:27:21.108Z
429,26130d02-3d6c-4171-8835-798d3e1ec623,4,1,072794,false,2026-01-28T06:27:21.108Z,2026-01-28T06:27:21.108Z
430,f63d1b6d-cf75-49fd-ae2a-cb9e0ed7fda1,4,2,601651,false,2026-01-28T06:27:21.108Z,2026-01-28T06:27:21.108Z
431,b3be8e9f-baf2-403d-9888-262a8b2b43c2,4,3,503976,false,2026-01-28T06:27:21.109Z,2026-01-28T06:27:21.109Z
432,5335ba91-730c-4362-8399-657a7230166d,4,1,014041,false,2026-01-28T06:27:21.109Z,2026-01-28T06:27:21.109Z
433,37b67390-d5c6-46fa-82c9-e5e220c3d614,4,2,684026,false,2026-01-28T06:27:21.109Z,2026-01-28T06:27:21.109Z
434,768548ae-6a9b-4341-b952-dc6ab922186f,4,3,885302,false,2026-01-28T06:27:21.109Z,2026-01-28T06:27:21.109Z
435,99a917dc-df08-4ee3-b6c5-82f0bf9605b5,4,1,670141,false,2026-01-28T06:27:21.109Z,2026-01-28T06:27:21.109Z
436,aaeb01a8-bdb6-4f6d-90a1-1a2dbbae796c,4,2,705931,false,2026-01-28T06:27:21.109Z,2026-01-28T06:27:21.109Z
437,ba9f0589-38f9-4cfb-91c9-484805ed99f7,4,3,411817,false,2026-01-28T06:27:21.109Z,2026-01-28T06:27:21.109Z
438,92589228-b397-4795-b4e4-73687a12bb87,4,1,937591,false,2026-01-28T06:27:21.109Z,2026-01-28T06:27:21.109Z
439,520d2f40-b3a8-41fb-8a84-198666fc3bfc,4,2,872347,false,2026-01-28T06:27:21.109Z,2026-01-28T06:27:21.109Z
440,a9d800c3-e655-4d35-9e28-abd3571c99a9,4,3,975402,false,2026-01-28T06:27:21.109Z,2026-01-28T06:27:21.109Z
441,95334b80-84db-43f4-90c4-a05282ca80f7,4,1,655553,false,2026-01-28T06:27:21.109Z,2026-01-28T06:27:21.109Z
442,781e701f-0a31-4424-b14f-7e7c76456a73,4,2,638565,false,2026-01-28T06:27:21.109Z,2026-01-28T06:27:21.109Z
443,6934105f-89f6-407f-b803-c1a33a83dc2f,4,3,050831,false,2026-01-28T06:27:21.109Z,2026-01-28T06:27:21.109Z
444,c0c4452a-2af7-42d3-8bff-05ce39649e28,4,1,049867,false,2026-01-28T06:27:21.109Z,2026-01-28T06:27:21.109Z
445,8520b609-02e5-459e-8da7-f04bb6fc483b,4,2,977648,false,2026-01-28T06:27:21.109Z,2026-01-28T06:27:21.109Z
446,c17b2a27-f7ad-4a4e-a424-37ee8096ef87,4,3,559061,false,2026-01-28T06:27:21.109Z,2026-01-28T06:27:21.109Z
447,d544fe6e-7b03-4026-999b-bd1e67ddaa2e,4,1,766885,false,2026-01-28T06:27:21.109Z,2026-01-28T06:27:21.109Z
448,da0c90ed-0999-4064-84e9-5c2ae5374fac,4,2,577912,false,2026-01-28T06:27:21.109Z,2026-01-28T06:27:21.109Z
449,6c66ba4e-67b5-4871-a220-c4fa4ba32015,4,3,161179,false,2026-01-28T06:27:21.109Z,2026-01-28T06:27:21.109Z
450,07728f61-f566-44a4-b77a-777106b90b1a,4,1,641057,false,2026-01-28T06:27:21.109Z,2026-01-28T06:27:21.109Z
451,40dcfe54-3bf3-4bd0-8209-a6e347de4070,4,2,826186,false,2026-01-28T06:27:21.109Z,2026-01-28T06:27:21.109Z
452,6949ffec-60e3-4265-8220-ef82361f4a31,4,3,268817,false,2026-01-28T06:27:21.109Z,2026-01-28T06:27:21.109Z
453,ce8c27ce-2f13-4a9d-a790-e9d116aaf769,4,1,410171,false,2026-01-28T06:27:21.109Z,2026-01-28T06:27:21.109Z
454,34accde3-7629-4dc4-8a0e-5bd75f0b577b,4,2,583580,false,2026-01-28T06:27:21.109Z,2026-01-28T06:27:21.109Z
455,c2a409db-365c-4090-aaf7-7d7faad0a545,4,3,794849,false,2026-01-28T06:27:21.109Z,2026-01-28T06:27:21.109Z
456,0f3e3f35-f5c6-403c-aa96-0c46cf3529aa,4,1,073355,false,2026-01-28T06:27:21.109Z,2026-01-28T06:27:21.109Z
457,216d293c-1665-49bd-b8f7-3b296dfd8b08,4,2,471193,false,2026-01-28T06:27:21.109Z,2026-01-28T06:27:21.109Z
458,8d5c0db6-2277-4e9d-8837-61976713cf74,4,3,954232,false,2026-01-28T06:27:21.109Z,2026-01-28T06:27:21.109Z
459,1639ba15-51b6-4d60-909e-bf01e30e0348,4,1,652311,false,2026-01-28T06:27:21.109Z,2026-01-28T06:27:21.109Z
460,411342fe-202b-4eb5-bc2e-60392f1282bb,4,2,333021,false,2026-01-28T06:27:21.109Z,2026-01-28T06:27:21.109Z
461,903b3cfc-0042-447a-bd12-b1a6c37d5614,4,3,901211,false,2026-01-28T06:27:21.109Z,2026-01-28T06:27:21.109Z
462,36c4c304-08e1-4efc-bc9d-55f1a80fcfb1,4,1,417137,false,2026-01-28T06:27:21.109Z,2026-01-28T06:27:21.109Z
463,2ca4cdd1-7b19-425a-8e24-62751bdabc95,4,2,391232,false,2026-01-28T06:27:21.109Z,2026-01-28T06:27:21.109Z
464,23252224-809b-4bf3-9c44-bdb14fb0f2b6,4,3,835578,false,2026-01-28T06:27:21.109Z,2026-01-28T06:27:21.109Z
465,9bd82738-8d00-4b8a-9698-9377b5404d1e,4,1,613313,false,2026-01-28T06:27:21.109Z,2026-01-28T06:27:21.109Z
466,75a9165a-59e1-4955-bb7f-2a2c3d93d95d,4,2,270804,false,2026-01-28T06:27:21.109Z,2026-01-28T06:27:21.109Z
467,5c740865-5866-43bc-aea8-78cb799ffdf6,4,3,890637,false,2026-01-28T06:27:21.109Z,2026-01-28T06:27:21.109Z
468,fd017003-12f6-4ddc-ac3c-aff56c9a751d,4,1,783472,false,2026-01-28T06:27:21.109Z,2026-01-28T06:27:21.109Z
469,767cede7-63fc-490c-86fe-c8394eae5f94,4,2,936653,false,2026-01-28T06:27:21.109Z,2026-01-28T06:27:21.109Z
470,06b7fda4-45b8-4169-803e-3f9c4a0fbf4c,4,3,931864,false,2026-01-28T06:27:21.109Z,2026-01-28T06:27:21.109Z
471,a865ab61-f7b7-40b9-b4ef-be7fd905c7da,4,1,911918,false,2026-01-28T06:27:21.109Z,2026-01-28T06:27:21.109Z
472,d9709d90-587a-48dd-89ae-938ba2cb705e,4,2,815113,false,2026-01-28T06:27:21.109Z,2026-01-28T06:27:21.109Z
473,bd382b59-ff34-4781-9db4-70560e558b56,4,3,459532,false,2026-01-28T06:27:21.109Z,2026-01-28T06:27:21.109Z
474,e05f3d95-c3e7-44b1-b924-f03617ca81fb,4,1,849985,false,2026-01-28T06:27:21.109Z,2026-01-28T06:27:21.109Z
475,d72845ed-ac25-480b-8fdb-7c9175833d5b,4,2,708034,false,2026-01-28T06:27:21.109Z,2026-01-28T06:27:21.109Z
476,1c51af6d-1906-4da8-b107-e39964a5b52a,4,3,722480,false,2026-01-28T06:27:21.109Z,2026-01-28T06:27:21.109Z
477,7928e68d-bdb0-44f3-aa6f-b2bcc471e7e0,4,1,918076,false,2026-01-28T06:27:21.109Z,2026-01-28T06:27:21.109Z
478,fad2aece-15b7-4910-9e28-532cce8aa8f0,4,2,347755,false,2026-01-28T06:27:21.109Z,2026-01-28T06:27:21.109Z
479,b741d724-825d-4f29-99e9-c47ae9b7b5f2,4,3,465831,false,2026-01-28T06:27:21.109Z,2026-01-28T06:27:21.109Z
480,a79512a6-3b1c-4805-b8c8-3cb8d606a79d,4,1,000845,false,2026-01-28T06:27:21.109Z,2026-01-28T06:27:21.109Z
481,a75f5435-7c25-42c3-99ba-8f1ff07baa0a,4,2,547230,false,2026-01-28T06:27:21.109Z,2026-01-28T06:27:21.109Z
482,07dcd108-96c5-4be3-bb4f-90f57162846f,4,3,055026,false,2026-01-28T06:27:21.109Z,2026-01-28T06:27:21.109Z
483,e7298c6d-e21c-485c-88bf-63ea2bf670d6,4,1,872540,false,2026-01-28T06:27:21.109Z,2026-01-28T06:27:21.109Z
484,9d8dffcd-f53f-470a-afcb-65405e88df21,4,2,558374,false,2026-01-28T06:27:21.109Z,2026-01-28T06:27:21.109Z
485,a05f53bc-b746-4993-946b-c2b05f7cde92,4,3,079960,false,2026-01-28T06:27:21.110Z,2026-01-28T06:27:21.110Z
486,55ba947a-556b-4942-9c78-7a9b8bd9a041,4,1,744637,false,2026-01-28T06:27:21.110Z,2026-01-28T06:27:21.110Z
487,c684aa4d-9880-4355-92a7-67502f0befce,4,2,180561,false,2026-01-28T06:27:21.110Z,2026-01-28T06:27:21.110Z
488,5d418f03-e646-4c96-9c3b-317ea64d79a5,4,3,261258,false,2026-01-28T06:27:21.110Z,2026-01-28T06:27:21.110Z
489,6d32396c-3a55-482a-b186-6aa430ea5c6d,4,1,190436,false,2026-01-28T06:27:21.110Z,2026-01-28T06:27:21.110Z
490,708ff15e-7736-45a0-9528-c8283435b21e,4,2,852506,false,2026-01-28T06:27:21.110Z,2026-01-28T06:27:21.110Z
491,6984f10d-a809-482f-af46-0d6bed6d40da,4,3,497024,false,2026-01-28T06:27:21.110Z,2026-01-28T06:27:21.110Z
492,2a63aec6-bee0-4a0c-b60b-1bf28a212c54,4,1,183445,false,2026-01-28T06:27:21.110Z,2026-01-28T06:27:21.110Z
493,a7aab9f3-eece-44cc-bba0-96c87cdf2370,4,2,472753,false,2026-01-28T06:27:21.110Z,2026-01-28T06:27:21.110Z
494,966a270e-6c86-481b-aaff-7dccb2aa8efe,4,3,372202,false,2026-01-28T06:27:21.110Z,2026-01-28T06:27:21.110Z
495,f9c6b92a-1304-4e4f-8719-d63051da8e82,4,1,810879,false,2026-01-28T06:27:21.110Z,2026-01-28T06:27:21.110Z
496,3fddda5b-a5e1-480a-82eb-491d2476466c,4,2,865578,false,2026-01-28T06:27:21.110Z,2026-01-28T06:27:21.110Z
497,85461f88-5b05-4bed-87e3-7dd1655e6cf3,4,3,545967,false,2026-01-28T06:27:21.110Z,2026-01-28T06:27:21.110Z
498,ad0886ad-5cfe-4b43-98be-5e7733ebd6d3,4,1,187103,false,2026-01-28T06:27:21.110Z,2026-01-28T06:27:21.110Z
499,e43dc455-6773-497b-91c5-aed0a5d21324,4,2,350024,false,2026-01-28T06:27:21.110Z,2026-01-28T06:27:21.110Z
500,0c50f8f9-aaba-4abd-bb21-994c5c485c8e,4,3,756707,false,2026-01-28T06:27:21.110Z,2026-01-28T06:27:21.110Z
501,24887c00-63cd-4dff-82df-6815a202b55a,4,1,621914,false,2026-01-28T06:27:21.110Z,2026-01-28T06:27:21.110Z
502,52fe94c3-5ce8-4bb0-a10a-ad7b0f56efc5,4,2,056049,false,2026-01-28T06:27:21.110Z,2026-01-28T06:27:21.110Z
503,58d104a8-c02c-4c36-b70e-c79b3d8efd17,4,3,584327,false,2026-01-28T06:27:21.110Z,2026-01-28T06:27:21.110Z
504,e5bd857b-f378-461d-91bf-df0f4b3f0314,4,1,528490,false,2026-01-28T06:27:21.110Z,2026-01-28T06:27:21.110Z
505,495c5fa1-2fc4-4bfa-99b4-0b6456e474ca,4,2,993443,false,2026-01-28T06:27:21.110Z,2026-01-28T06:27:21.110Z
506,aaa46d82-3632-4a29-8b7d-041f5bdd5465,4,3,822483,false,2026-01-28T06:27:21.110Z,2026-01-28T06:27:21.110Z
507,13a5e97c-1ecf-44ae-a644-fa9a28bca718,4,1,567190,false,2026-01-28T06:27:21.110Z,2026-01-28T06:27:21.110Z
508,33df4ace-b05f-47ce-b598-c0261ed7762a,4,2,429202,false,2026-01-28T06:27:21.110Z,2026-01-28T06:27:21.110Z
509,8c48c857-fa18-4eef-ab51-67b61d349ffe,4,3,815311,false,2026-01-28T06:27:21.110Z,2026-01-28T06:27:21.110Z
510,4714fe93-72cc-4f25-a5f7-ddf65ee2c905,4,1,845425,false,2026-01-28T06:27:21.110Z,2026-01-28T06:27:21.110Z
511,c24e233b-d8a2-4594-8093-69b50f2a7584,4,2,143356,false,2026-01-28T06:27:21.110Z,2026-01-28T06:27:21.110Z
512,17f2e5e9-b76d-4570-9567-a746c9048f8a,4,3,527601,false,2026-01-28T06:27:21.110Z,2026-01-28T06:27:21.110Z
513,90a10b4b-a2f7-493a-a71c-12e22c5cfd61,4,1,873670,false,2026-01-28T06:27:21.110Z,2026-01-28T06:27:21.110Z
514,0c84e1c1-7230-42c8-a6ed-b6b1ddbfe3ce,4,2,225226,false,2026-01-28T06:27:21.110Z,2026-01-28T06:27:21.110Z
515,197fa9a5-1ed5-413f-9da3-470538c2633b,4,3,332539,false,2026-01-28T06:27:21.110Z,2026-01-28T06:27:21.110Z
516,71948923-ba30-4178-a048-a8684044cd76,4,1,430399,false,2026-01-28T06:27:21.110Z,2026-01-28T06:27:21.110Z
517,35e3dab0-ac97-4e94-b3d3-e007b5e179d4,4,2,855850,false,2026-01-28T06:27:21.110Z,2026-01-28T06:27:21.110Z
518,f7e95d1f-4487-4dea-b86b-0d0f2cf39b00,4,3,442506,false,2026-01-28T06:27:21.110Z,2026-01-28T06:27:21.110Z
519,3daaadc0-4d56-4f22-add2-89c5ea396b66,4,1,948166,false,2026-01-28T06:27:21.110Z,2026-01-28T06:27:21.110Z
520,8843c7a2-cf73-494b-9347-e80af5e6bb8f,4,2,047622,false,2026-01-28T06:27:21.110Z,2026-01-28T06:27:21.110Z
521,8250d62b-ca58-40d7-b525-5c0127139cc0,4,3,088826,false,2026-01-28T06:27:21.110Z,2026-01-28T06:27:21.110Z
522,eeb688f9-6464-46b7-a587-73f3dc88b89e,4,1,730226,false,2026-01-28T06:27:21.110Z,2026-01-28T06:27:21.110Z
523,93aa4cc3-93fe-46fa-9495-69812b1f5116,4,2,322282,false,2026-01-28T06:27:21.110Z,2026-01-28T06:27:21.110Z
524,b3b1cf65-d348-4271-8621-82c9b2f9e7c2,4,3,901901,false,2026-01-28T06:27:21.110Z,2026-01-28T06:27:21.110Z
525,f30f82c6-ee66-41ca-9dd4-ebaa97aab0a0,4,1,304788,false,2026-01-28T06:27:21.110Z,2026-01-28T06:27:21.110Z
526,2d32d3b2-8907-4941-b0a2-408a9ef1735e,4,2,335740,false,2026-01-28T06:27:21.110Z,2026-01-28T06:27:21.110Z
527,8702276b-14dc-426b-bb92-6ea035b6353c,4,3,531636,false,2026-01-28T06:27:21.110Z,2026-01-28T06:27:21.110Z
528,842d9927-3549-406a-9775-02bb3faa69b5,4,1,922351,false,2026-01-28T06:27:21.110Z,2026-01-28T06:27:21.110Z
529,a57d1f1d-95a4-438e-9855-ec89b2bed466,4,2,406454,false,2026-01-28T06:27:21.110Z,2026-01-28T06:27:21.110Z
530,0734a7fe-b4be-454e-b711-0ef6a880ed44,4,3,910358,false,2026-01-28T06:27:21.110Z,2026-01-28T06:27:21.110Z
531,4b73d244-80e0-4a66-8ee3-b303a5dd8c6c,4,1,815833,false,2026-01-28T06:27:21.110Z,2026-01-28T06:27:21.110Z
532,271b8182-23a7-4eec-99e8-71d11fc09863,4,2,066952,false,2026-01-28T06:27:21.110Z,2026-01-28T06:27:21.110Z
533,13664daa-c25a-4b08-a008-b9063a7362fe,4,3,909398,false,2026-01-28T06:27:21.110Z,2026-01-28T06:27:21.110Z
534,ae8d8470-759a-4c47-ad5b-94fde8f26665,4,1,019153,false,2026-01-28T06:27:21.110Z,2026-01-28T06:27:21.110Z
535,495effbf-ef26-48a9-9038-39944d171a3d,4,2,261158,false,2026-01-28T06:27:21.110Z,2026-01-28T06:27:21.110Z
536,75ef9417-0416-4f8a-b9ba-3cea7742c7d6,4,3,753087,false,2026-01-28T06:27:21.110Z,2026-01-28T06:27:21.110Z
537,92364aa9-d9f1-449f-bb10-c77fd3abee58,4,1,713388,false,2026-01-28T06:27:21.111Z,2026-01-28T06:27:21.111Z
538,5579beb8-cf91-43ea-b659-be492b357dcd,4,2,966735,false,2026-01-28T06:27:21.111Z,2026-01-28T06:27:21.111Z
539,0e2a7b9d-15c3-43ed-82a9-fdb1a8f0f1e0,4,3,328927,false,2026-01-28T06:27:21.111Z,2026-01-28T06:27:21.111Z
540,201fee5a-b1f5-43d5-b9aa-fd345c886010,4,1,212175,false,2026-01-28T06:27:21.111Z,2026-01-28T06:27:21.111Z
541,8293a20a-a0f9-4040-b99e-ba113c3e979a,4,2,416945,false,2026-01-28T06:27:21.111Z,2026-01-28T06:27:21.111Z
542,3488259e-de63-4e4b-9399-00e0942ce4a1,4,3,128347,false,2026-01-28T06:27:21.111Z,2026-01-28T06:27:21.111Z
543,535f6d2a-b7c9-46eb-abfb-46604ae16ca4,4,1,043431,false,2026-01-28T06:27:21.111Z,2026-01-28T06:27:21.111Z
544,2f08a71e-8c46-44d2-af37-fe4c5af704cc,4,2,782772,false,2026-01-28T06:27:21.111Z,2026-01-28T06:27:21.111Z
545,0a396cdd-b6c4-4549-be05-53f4d4df6b7d,4,3,836302,false,2026-01-28T06:27:21.111Z,2026-01-28T06:27:21.111Z
546,e0b1720f-b49b-4f9f-b6f6-f982dfe6c6fa,4,1,200051,false,2026-01-28T06:27:21.111Z,2026-01-28T06:27:21.111Z
547,5aacc422-1d11-4dfc-a925-7908157c5724,4,2,222473,false,2026-01-28T06:27:21.111Z,2026-01-28T06:27:21.111Z
548,52c210ee-f2d0-4687-994b-183c5b6bf51f,4,3,171011,false,2026-01-28T06:27:21.111Z,2026-01-28T06:27:21.111Z
549,9aea0b48-cd67-40f1-beae-b8011b6d0bd4,4,1,825495,false,2026-01-28T06:27:21.111Z,2026-01-28T06:27:21.111Z
550,7ae5554c-9f83-4f31-a2f8-db0c3979d1c1,4,2,891271,false,2026-01-28T06:27:21.111Z,2026-01-28T06:27:21.111Z
551,c27e9ddb-bbad-466d-b03b-64e4140594cb,4,3,332943,false,2026-01-28T06:27:21.111Z,2026-01-28T06:27:21.111Z
552,6857850e-3b2f-4bbd-8982-79beaaa5fbbc,4,1,344801,false,2026-01-28T06:27:21.111Z,2026-01-28T06:27:21.111Z
553,9600bbd9-ea6b-49a2-bbbb-0a9a07b36a46,4,2,871591,false,2026-01-28T06:27:21.111Z,2026-01-28T06:27:21.111Z
554,119de477-298c-49e8-8bdb-960a181b2e61,4,3,031811,false,2026-01-28T06:27:21.111Z,2026-01-28T06:27:21.111Z
555,1f87306d-9878-47e2-9a0e-cb6e9fe5e329,4,1,773294,false,2026-01-28T06:27:21.111Z,2026-01-28T06:27:21.111Z
556,0ca9cef6-a1e5-4191-97ca-2c355ab3ae57,4,2,517903,false,2026-01-28T06:27:21.111Z,2026-01-28T06:27:21.111Z
557,aec83ccb-0b63-4ded-af4d-5a5ceb2c3bb3,4,3,349837,false,2026-01-28T06:27:21.111Z,2026-01-28T06:27:21.111Z
558,ca129e5f-8f42-4659-8706-766b4968dda8,4,1,290832,false,2026-01-28T06:27:21.111Z,2026-01-28T06:27:21.111Z
559,7ea4e184-331c-4371-ae42-291bba4af247,4,2,477296,false,2026-01-28T06:27:21.111Z,2026-01-28T06:27:21.111Z
560,eb75227a-7c01-43ce-8afe-c5ccd9c08475,4,3,253269,false,2026-01-28T06:27:21.111Z,2026-01-28T06:27:21.111Z
561,57fac66d-3739-46f8-abb1-05dc4f383a8b,4,1,804774,false,2026-01-28T06:27:21.111Z,2026-01-28T06:27:21.111Z
562,0f93821c-f3eb-400c-bf41-e3cc0d88d6d1,4,2,644884,false,2026-01-28T06:27:21.111Z,2026-01-28T06:27:21.111Z
563,42c411a6-5943-46e7-b85b-7f21c3d0dcc8,4,3,954248,false,2026-01-28T06:27:21.111Z,2026-01-28T06:27:21.111Z
564,c2dbc2d4-b01b-44a8-9108-af7f22f7bc3d,4,1,261093,false,2026-01-28T06:27:21.111Z,2026-01-28T06:27:21.111Z
565,7c2550da-86d3-40fa-87ea-e09eacfb1817,4,2,768748,false,2026-01-28T06:27:21.111Z,2026-01-28T06:27:21.111Z
566,b53ce356-a4e0-48aa-96b3-6d35c315173b,4,3,773879,false,2026-01-28T06:27:21.111Z,2026-01-28T06:27:21.111Z
567,4d38d876-ad24-4580-9048-dbe2e0a557bc,4,1,603714,false,2026-01-28T06:27:21.111Z,2026-01-28T06:27:21.111Z
568,23b3021b-d856-49fb-8aa2-3b766d5a831a,4,2,650894,false,2026-01-28T06:27:21.111Z,2026-01-28T06:27:21.111Z
569,21182a14-26cb-4c2d-a853-14ccddb28e9c,4,3,135300,false,2026-01-28T06:27:21.111Z,2026-01-28T06:27:21.111Z
570,2ae1c92d-4dbf-47d3-bbb6-4c0724aa85e6,4,1,435075,false,2026-01-28T06:27:21.111Z,2026-01-28T06:27:21.111Z
571,91d3c62e-85a0-4edd-8eeb-578baa329695,4,2,950689,false,2026-01-28T06:27:21.111Z,2026-01-28T06:27:21.111Z
572,755a9b84-614a-4d19-bd0c-c610e797cdae,4,3,773598,false,2026-01-28T06:27:21.111Z,2026-01-28T06:27:21.111Z
573,582d3234-d3ea-47b3-92a2-e239668ca921,4,1,157248,false,2026-01-28T06:27:21.111Z,2026-01-28T06:27:21.111Z
574,96988773-aa5d-424e-9788-0a65b4979050,4,2,148191,false,2026-01-28T06:27:21.111Z,2026-01-28T06:27:21.111Z
575,274b8a46-0bee-4029-ae27-bece611dfaba,4,3,287338,false,2026-01-28T06:27:21.111Z,2026-01-28T06:27:21.111Z
576,b2612c14-c2d7-441e-8ed1-9afb20564f01,4,1,261831,false,2026-01-28T06:27:21.111Z,2026-01-28T06:27:21.111Z
577,ba1addc8-a8a9-4791-b983-9a509317376e,4,2,696780,false,2026-01-28T06:27:21.111Z,2026-01-28T06:27:21.111Z
578,971c9ec0-f141-4884-81c3-536e7c362f6b,4,3,084494,false,2026-01-28T06:27:21.111Z,2026-01-28T06:27:21.111Z
579,c0ef00d4-ac77-41a6-a28b-179b080c9106,4,1,529827,false,2026-01-28T06:27:21.111Z,2026-01-28T06:27:21.111Z
580,4981db36-d2c3-43ba-8dc4-1a8ac06bd541,4,2,101761,false,2026-01-28T06:27:21.111Z,2026-01-28T06:27:21.111Z
581,a94e12a6-5b43-43b8-82b3-c7ffc24acc08,4,3,175399,false,2026-01-28T06:27:21.111Z,2026-01-28T06:27:21.111Z
582,84b6e4bb-df03-4634-8eee-7a912398a272,4,1,259318,false,2026-01-28T06:27:21.111Z,2026-01-28T06:27:21.111Z
583,186a7036-1d7f-4866-8add-7c62399c4955,4,2,924227,false,2026-01-28T06:27:21.111Z,2026-01-28T06:27:21.111Z
584,394af6f3-3088-4b79-a95e-e0af76478c5c,4,3,486999,false,2026-01-28T06:27:21.111Z,2026-01-28T06:27:21.111Z
585,39a65143-cd31-4332-a70c-13e666f26ed9,4,1,095456,false,2026-01-28T06:27:21.111Z,2026-01-28T06:27:21.111Z
586,8b252169-4451-405d-a5ee-9c8c829aacbe,4,2,419503,false,2026-01-28T06:27:21.111Z,2026-01-28T06:27:21.111Z
587,b2db6378-6cf7-4858-9495-75f6dacaab56,4,3,988850,false,2026-01-28T06:27:21.111Z,2026-01-28T06:27:21.111Z
588,91f1dc31-3011-4bf8-87cb-d8eb5dbcefdf,4,1,302798,false,2026-01-28T06:27:21.111Z,2026-01-28T06:27:21.111Z
589,22e6bd45-82a1-457d-80e2-e29863632956,4,2,908440,false,2026-01-28T06:27:21.112Z,2026-01-28T06:27:21.112Z
590,5a3fff5e-5350-4a5b-8c0e-56d5f7ce2bdc,4,3,170813,false,2026-01-28T06:27:21.112Z,2026-01-28T06:27:21.112Z
591,e0f641ee-b3c6-4b90-818f-2ae18bb950f3,4,1,316851,false,2026-01-28T06:27:21.112Z,2026-01-28T06:27:21.112Z
592,442b9c52-0d90-4746-bfbe-ae527189b00e,4,2,067912,false,2026-01-28T06:27:21.112Z,2026-01-28T06:27:21.112Z
593,b0a003d7-499d-48f9-b71a-7c61a9a71c03,4,3,853893,false,2026-01-28T06:27:21.112Z,2026-01-28T06:27:21.112Z
594,50f0f24b-b676-46d2-9221-a14aac08ee1a,4,1,737550,false,2026-01-28T06:27:21.112Z,2026-01-28T06:27:21.112Z
595,fdffb958-6d31-41af-89be-de91bcd27625,4,2,136349,false,2026-01-28T06:27:21.112Z,2026-01-28T06:27:21.112Z
596,e8ffab42-9a53-41a3-a4a0-ea7e2e351d40,4,3,681185,false,2026-01-28T06:27:21.112Z,2026-01-28T06:27:21.112Z
597,18c4be46-12e4-4857-82bb-eeef813029db,4,1,601641,false,2026-01-28T06:27:21.112Z,2026-01-28T06:27:21.112Z
598,11574c08-b286-4e12-bde6-42574ad0e2b5,4,2,574988,false,2026-01-28T06:27:21.112Z,2026-01-28T06:27:21.112Z
599,5c07137e-b9e5-4fff-98a3-4e27bc967415,4,3,341659,false,2026-01-28T06:27:21.112Z,2026-01-28T06:27:21.112Z
600,bf57f567-0669-4ccd-9936-acaba663b8ae,4,1,594134,false,2026-01-28T06:27:21.112Z,2026-01-28T06:27:21.112Z
601,d334fa19-3b69-437b-9a71-65b391881cc1,4,2,390250,false,2026-01-28T06:27:21.112Z,2026-01-28T06:27:21.112Z
602,e7135a09-48d9-478c-b3d7-ccf3a36c8ebe,4,3,616025,false,2026-01-28T06:27:21.112Z,2026-01-28T06:27:21.112Z
603,54ef693e-baab-4a9b-b1b6-8c72b0c42376,4,1,925129,false,2026-01-28T06:27:21.112Z,2026-01-28T06:27:21.112Z
604,2eb9143e-3f00-41af-8d6a-d46787edfa71,4,2,530596,false,2026-01-28T06:27:21.112Z,2026-01-28T06:27:21.112Z
605,2d5d33a1-1d79-49d7-819f-8c9dddc4826d,4,3,808757,false,2026-01-28T06:27:21.112Z,2026-01-28T06:27:21.112Z
606,94b35774-c5f4-423c-9a28-e230a3a45c18,4,1,102827,false,2026-01-28T06:27:21.112Z,2026-01-28T06:27:21.112Z
607,6e044e29-5cc1-4d81-8d7b-d2e35f86eb41,4,2,323403,false,2026-01-28T06:27:21.112Z,2026-01-28T06:27:21.112Z
608,40d12494-f7c1-43fe-9727-2ac1950143b2,4,3,117749,false,2026-01-28T06:27:21.112Z,2026-01-28T06:27:21.112Z
609,8a06a2e1-c5a9-4ee5-94b9-f9036be488d4,4,1,351138,false,2026-01-28T06:27:21.112Z,2026-01-28T06:27:21.112Z
610,994e7a54-4ecc-4ed9-b5a4-bfdb4f0558d8,4,2,250229,false,2026-01-28T06:27:21.112Z,2026-01-28T06:27:21.112Z
611,f1f06129-e72d-4920-ae5b-8309df02c03d,4,3,847239,false,2026-01-28T06:27:21.112Z,2026-01-28T06:27:21.112Z
612,0dfcbf77-a074-4498-81f0-4aed76dc4e50,4,1,063264,false,2026-01-28T06:27:21.112Z,2026-01-28T06:27:21.112Z
613,13ef690f-f8d0-40fe-adb1-d935ad620dd4,4,2,438309,false,2026-01-28T06:27:21.112Z,2026-01-28T06:27:21.112Z
614,c6a90f10-8e2c-428b-af3e-811de6fd7441,4,3,987589,false,2026-01-28T06:27:21.112Z,2026-01-28T06:27:21.112Z
615,74d7419f-f9e6-4da8-9bb6-d11a69a67004,4,1,422117,false,2026-01-28T06:27:21.112Z,2026-01-28T06:27:21.112Z
616,60ae7b94-6755-4313-8708-d71a57112a2f,4,2,207832,false,2026-01-28T06:27:21.112Z,2026-01-28T06:27:21.112Z
617,5475bae9-e9c4-4eec-b8a8-67c70182596f,4,3,612767,false,2026-01-28T06:27:21.112Z,2026-01-28T06:27:21.112Z
618,a4fedbfe-3b8b-4d0e-ba24-dd97fcdf9b95,4,1,493412,false,2026-01-28T06:27:21.112Z,2026-01-28T06:27:21.112Z
619,29054955-03b1-4e06-8a1f-f88474a0200e,4,2,702314,false,2026-01-28T06:27:21.112Z,2026-01-28T06:27:21.112Z
620,7721600d-59d6-46ff-bbee-cb25d0313c52,4,3,804106,false,2026-01-28T06:27:21.112Z,2026-01-28T06:27:21.112Z
621,595b0fe1-cc19-4cbe-952b-4b0f6e570005,4,1,091484,false,2026-01-28T06:27:21.112Z,2026-01-28T06:27:21.112Z
622,9049cf78-f1de-49f3-ae11-3b0297a0b909,4,2,338684,false,2026-01-28T06:27:21.112Z,2026-01-28T06:27:21.112Z
623,c732e64f-e431-435d-96ff-01cfa8fbfe65,4,3,586804,false,2026-01-28T06:27:21.112Z,2026-01-28T06:27:21.112Z
624,14d31422-4823-455c-a600-373351d66051,4,1,339269,false,2026-01-28T06:27:21.112Z,2026-01-28T06:27:21.112Z
625,b1ee0c2f-0f46-4824-b57e-1f8cd8ad268e,4,2,773320,false,2026-01-28T06:27:21.112Z,2026-01-28T06:27:21.112Z
626,6f204b70-0121-4b0a-8fe6-cb1d8378fef5,4,3,378582,false,2026-01-28T06:27:21.112Z,2026-01-28T06:27:21.112Z
627,ef929a92-6221-4c25-9ef1-042d54eafa8b,4,1,867098,false,2026-01-28T06:27:21.112Z,2026-01-28T06:27:21.112Z
628,b4e0b1d6-08ff-4ed6-9f25-cdeb64959caf,4,2,486126,false,2026-01-28T06:27:21.112Z,2026-01-28T06:27:21.112Z
629,810776ea-eee5-4a9b-bbf9-9e9ae031ece4,4,3,705600,false,2026-01-28T06:27:21.112Z,2026-01-28T06:27:21.112Z
630,aca1c529-5642-448a-b34a-2a647984cb99,4,1,068112,false,2026-01-28T06:27:21.112Z,2026-01-28T06:27:21.112Z
631,dd58aa30-9026-492f-8c85-10cdea01e2ce,4,2,621374,false,2026-01-28T06:27:21.112Z,2026-01-28T06:27:21.112Z
632,10c96025-a046-4a17-9b4d-c40055130c79,4,3,568109,false,2026-01-28T06:27:21.112Z,2026-01-28T06:27:21.112Z
633,19ffc981-58a3-49e3-b9df-b3eff6f6542b,4,1,832040,false,2026-01-28T06:27:21.112Z,2026-01-28T06:27:21.112Z
634,93e08937-4c8d-404d-ba8f-22c3ff34e7ea,4,2,970563,false,2026-01-28T06:27:21.112Z,2026-01-28T06:27:21.112Z
635,4a891204-d99d-4756-866c-e4b082784754,4,3,916554,false,2026-01-28T06:27:21.112Z,2026-01-28T06:27:21.112Z
636,41c3caaa-7742-4f5e-891a-962bf6a07578,4,1,115180,false,2026-01-28T06:27:21.112Z,2026-01-28T06:27:21.112Z
637,28f2405c-e48a-4adf-b009-b36a329431b9,4,2,079798,false,2026-01-28T06:27:21.112Z,2026-01-28T06:27:21.112Z
638,3cd30583-0e0c-4b2d-993a-3e6f11aa609e,4,3,768447,false,2026-01-28T06:27:21.112Z,2026-01-28T06:27:21.112Z
639,128509d3-080a-4cb4-8b97-3dcd5b6e3830,4,1,508532,false,2026-01-28T06:27:21.112Z,2026-01-28T06:27:21.112Z
640,19b34843-4b88-4b23-bf04-196753b7d640,4,2,039610,false,2026-01-28T06:27:21.112Z,2026-01-28T06:27:21.112Z
641,48f1693b-76d1-433c-85bb-3fb880125426,4,3,632468,false,2026-01-28T06:27:21.113Z,2026-01-28T06:27:21.113Z
642,4bea236c-fee5-4036-849b-7cea5b326e72,4,1,281633,false,2026-01-28T06:27:21.113Z,2026-01-28T06:27:21.113Z
643,9f3badd0-f32e-4e45-a3e7-bec86d1219e6,4,2,075894,false,2026-01-28T06:27:21.113Z,2026-01-28T06:27:21.113Z
644,20873473-71f2-43b3-9909-305f92d9458d,4,3,503158,false,2026-01-28T06:27:21.113Z,2026-01-28T06:27:21.113Z
645,fb8446dd-9de6-4912-b977-f57245d3c51e,4,1,816983,false,2026-01-28T06:27:21.113Z,2026-01-28T06:27:21.113Z
646,f44bd4a3-c179-4a08-bbf2-e0cf7cd34cf6,4,2,065817,false,2026-01-28T06:27:21.113Z,2026-01-28T06:27:21.113Z
647,0262d859-1eba-4bbf-8942-10da6d42211c,4,3,775912,false,2026-01-28T06:27:21.113Z,2026-01-28T06:27:21.113Z
648,8078698e-9943-4c50-a934-7d73391f8c97,4,1,327995,false,2026-01-28T06:27:21.113Z,2026-01-28T06:27:21.113Z
649,a622fc0f-0ac9-42e2-88d6-f5e6c2ddd6e5,4,2,031689,false,2026-01-28T06:27:21.113Z,2026-01-28T06:27:21.113Z
650,732c23d9-a393-4796-899c-23b1aa45f25d,4,3,733140,false,2026-01-28T06:27:21.113Z,2026-01-28T06:27:21.113Z
651,5abfe37f-c728-47bc-bd11-f777886b3283,4,1,457212,false,2026-01-28T06:27:21.113Z,2026-01-28T06:27:21.113Z
652,e6984344-9212-47fd-bf6e-0008cb7d443b,4,2,254036,false,2026-01-28T06:27:21.113Z,2026-01-28T06:27:21.113Z
653,fbbdad98-c728-42a0-9874-0a07787d3a38,4,3,313361,false,2026-01-28T06:27:21.113Z,2026-01-28T06:27:21.113Z
654,99d62acb-6056-4610-aad3-52be13f2b07e,4,1,815132,false,2026-01-28T06:27:21.113Z,2026-01-28T06:27:21.113Z
655,a388e0fe-8178-4df3-bbf8-d53505c4d804,4,2,014518,false,2026-01-28T06:27:21.113Z,2026-01-28T06:27:21.113Z
656,6e97ba21-7adc-4b6c-a371-82d4de7fa2d5,4,3,226530,false,2026-01-28T06:27:21.113Z,2026-01-28T06:27:21.113Z
657,db2482bc-d152-4e56-87ca-5a4d689bddfb,4,1,459549,false,2026-01-28T06:27:21.113Z,2026-01-28T06:27:21.113Z
658,ac39e05f-576d-4002-8d7f-f6488623db68,4,2,027164,false,2026-01-28T06:27:21.113Z,2026-01-28T06:27:21.113Z
659,045116a8-0e29-4f90-96bb-39c18cb05430,4,3,468874,false,2026-01-28T06:27:21.113Z,2026-01-28T06:27:21.113Z
660,8a68f869-bb1b-4da0-8d44-394e139c32b8,4,1,360932,false,2026-01-28T06:27:21.113Z,2026-01-28T06:27:21.113Z
661,86e85e47-da68-46dd-9ac7-9b30cfd04ff2,4,2,502619,false,2026-01-28T06:27:21.113Z,2026-01-28T06:27:21.113Z
662,a3300de4-f1e5-4286-8ea6-3623a76d29b5,4,3,179337,false,2026-01-28T06:27:21.113Z,2026-01-28T06:27:21.113Z
663,eff11a9e-f06a-4d05-a1b7-a2ac6c9b68ab,4,1,015186,false,2026-01-28T06:27:21.113Z,2026-01-28T06:27:21.113Z
664,f60c5c3d-edb3-430d-bb94-7d574c0b7e20,4,2,026625,false,2026-01-28T06:27:21.113Z,2026-01-28T06:27:21.113Z
665,c3a26349-cd35-44c2-a0fb-2d6cf5ca7a09,4,3,134915,false,2026-01-28T06:27:21.113Z,2026-01-28T06:27:21.113Z
666,0451ea4d-0c8b-4e3c-a1e1-8457c062a0f3,4,1,978249,false,2026-01-28T06:27:21.113Z,2026-01-28T06:27:21.113Z
667,d2a08b1a-ba12-4079-814c-87e1caa19900,4,2,689584,false,2026-01-28T06:27:21.113Z,2026-01-28T06:27:21.113Z
668,7f0bf261-b429-495d-b160-b6031be5d332,4,3,603601,false,2026-01-28T06:27:21.113Z,2026-01-28T06:27:21.113Z
669,9e55733d-80ef-47aa-bb97-12d6c264d386,4,1,263026,false,2026-01-28T06:27:21.113Z,2026-01-28T06:27:21.113Z
670,12b8457a-0ca6-4369-b30b-c33e5206480f,4,2,290195,false,2026-01-28T06:27:21.113Z,2026-01-28T06:27:21.113Z
671,e7c6c768-d160-4f92-b80b-19c5dda7e911,4,3,259014,false,2026-01-28T06:27:21.113Z,2026-01-28T06:27:21.113Z
672,81e6dc7f-f081-4d17-87ae-2ed8266dea9d,4,1,337646,false,2026-01-28T06:27:21.113Z,2026-01-28T06:27:21.113Z
673,272d5f17-9356-428d-a60b-2eb5c790ed8b,4,2,411495,false,2026-01-28T06:27:21.113Z,2026-01-28T06:27:21.113Z
674,e3457760-8383-43ee-97f0-111165888ffa,4,3,134520,false,2026-01-28T06:27:21.113Z,2026-01-28T06:27:21.113Z
675,e6dc6e49-0068-4a9b-88f2-f0d5eddca195,4,1,286668,false,2026-01-28T06:27:21.113Z,2026-01-28T06:27:21.113Z
676,a8a39d5b-ddc8-4c8c-b9ae-286c75313ff7,4,2,550760,false,2026-01-28T06:27:21.113Z,2026-01-28T06:27:21.113Z
677,d6978ea8-08fa-4454-8378-b4ce83519116,4,3,640387,false,2026-01-28T06:27:21.113Z,2026-01-28T06:27:21.113Z
678,9a34862e-3f76-49b4-9be3-caff8e00d199,4,1,026739,false,2026-01-28T06:27:21.113Z,2026-01-28T06:27:21.113Z
679,6c8733f5-4c46-4fb2-bc60-b87656edbcf4,4,2,201320,false,2026-01-28T06:27:21.113Z,2026-01-28T06:27:21.113Z
680,389d4fe6-2dec-440d-bb49-82b2dc415664,4,3,981503,false,2026-01-28T06:27:21.113Z,2026-01-28T06:27:21.113Z
681,d6289cdb-8b9a-4a6b-bbfb-422d1d63ddb4,4,1,260977,false,2026-01-28T06:27:21.113Z,2026-01-28T06:27:21.113Z
682,3d420542-eac3-491f-a6fe-de6991754fb9,4,2,900416,false,2026-01-28T06:27:21.113Z,2026-01-28T06:27:21.113Z
683,48e48460-b039-4bee-be23-e72452256d9f,4,3,646128,false,2026-01-28T06:27:21.113Z,2026-01-28T06:27:21.113Z
684,569eaa21-5812-4959-847e-47fb0ae006eb,4,1,670614,false,2026-01-28T06:27:21.113Z,2026-01-28T06:27:21.113Z
685,f71142c8-736f-4cff-8522-497a7546abae,4,2,405337,false,2026-01-28T06:27:21.114Z,2026-01-28T06:27:21.114Z
686,121e0f93-4e88-4daa-bdf6-c62c4d4b7a61,4,3,959640,false,2026-01-28T06:27:21.114Z,2026-01-28T06:27:21.114Z
687,0c3dadaf-b0eb-4e6f-b022-96853cf1804c,4,1,372410,false,2026-01-28T06:27:21.114Z,2026-01-28T06:27:21.114Z
688,551dbcdd-0955-4a0c-af26-b9385002e729,4,2,434878,false,2026-01-28T06:27:21.114Z,2026-01-28T06:27:21.114Z
689,abf8bf6e-a193-453b-9e8b-be2754291754,4,3,906684,false,2026-01-28T06:27:21.114Z,2026-01-28T06:27:21.114Z
690,2c909d8d-55a9-42a0-91a2-e1b4a2c7ed1f,4,1,733553,false,2026-01-28T06:27:21.114Z,2026-01-28T06:27:21.114Z
691,054b9179-fa5b-44d7-bd2e-f6f73899999c,4,2,747726,false,2026-01-28T06:27:21.114Z,2026-01-28T06:27:21.114Z
692,113276b5-f193-461b-aab3-a767715d486f,4,3,456278,false,2026-01-28T06:27:21.114Z,2026-01-28T06:27:21.114Z
693,2557cc47-b542-42e8-9cb9-1998d33417ff,4,1,522549,false,2026-01-28T06:27:21.114Z,2026-01-28T06:27:21.114Z
694,4b9def56-961f-498d-be00-e8bef0eac39d,4,2,140069,false,2026-01-28T06:27:21.114Z,2026-01-28T06:27:21.114Z
695,259d8c27-4760-48fd-bc53-7769ce4f747a,4,3,108530,false,2026-01-28T06:27:21.114Z,2026-01-28T06:27:21.114Z
696,c6446ab0-f250-412d-a26b-836ede1fd5cf,4,1,212938,false,2026-01-28T06:27:21.114Z,2026-01-28T06:27:21.114Z
697,6a040fd9-1599-40a7-bc74-95d792500140,4,2,827598,false,2026-01-28T06:27:21.114Z,2026-01-28T06:27:21.114Z
698,bf318024-d6bc-44b1-b5ba-7432c7e85cff,4,3,896460,false,2026-01-28T06:27:21.114Z,2026-01-28T06:27:21.114Z
699,e70a39cc-b20c-471a-a7a9-d326a4360187,4,1,060536,false,2026-01-28T06:27:21.114Z,2026-01-28T06:27:21.114Z
700,ec349ac4-ef9a-4bd2-96ff-378792d33f05,4,2,170917,false,2026-01-28T06:27:21.114Z,2026-01-28T06:27:21.114Z
701,30affa32-be26-4c3a-8451-fad802f80ab7,4,3,732479,false,2026-01-28T06:27:21.114Z,2026-01-28T06:27:21.114Z
702,06594549-9caa-446f-9134-59da8c3a70b5,4,1,526942,false,2026-01-28T06:27:21.114Z,2026-01-28T06:27:21.114Z
703,a8d7338d-d429-4227-a554-f49a94e370ed,4,2,915368,false,2026-01-28T06:27:21.114Z,2026-01-28T06:27:21.114Z
704,95037d47-04f8-46fc-8cbf-2f92d7438206,4,3,283327,false,2026-01-28T06:27:21.114Z,2026-01-28T06:27:21.114Z
705,212b2d50-d205-47a2-8342-aeff1c6e8cc5,4,1,063709,false,2026-01-28T06:27:21.114Z,2026-01-28T06:27:21.114Z
706,5597cf70-038d-49f7-914c-9c26ee339c06,4,2,737272,false,2026-01-28T06:27:21.114Z,2026-01-28T06:27:21.114Z
707,9301ecc1-755c-4c53-abb9-e8b4dc7fb9de,4,3,264262,false,2026-01-28T06:27:21.114Z,2026-01-28T06:27:21.114Z
708,9a4d90ea-5a56-4ec9-bab9-26053e02493f,4,1,565604,false,2026-01-28T06:27:21.114Z,2026-01-28T06:27:21.114Z
709,4331dcb6-ad01-49fa-8956-155784ff009b,4,2,946345,false,2026-01-28T06:27:21.114Z,2026-01-28T06:27:21.114Z
710,0bfe7a6f-8d9e-43bc-920d-be10db92c514,4,3,455291,false,2026-01-28T06:27:21.114Z,2026-01-28T06:27:21.114Z
711,7c4798d2-30d8-4576-bfb2-956d11ab100d,4,1,129996,false,2026-01-28T06:27:21.114Z,2026-01-28T06:27:21.114Z
712,4cfa968b-7ac1-48b7-8c1e-1547ce4ec28b,4,2,578688,false,2026-01-28T06:27:21.114Z,2026-01-28T06:27:21.114Z
713,dd6dcf91-b253-4250-8b0f-b266ad6b9033,4,3,106600,false,2026-01-28T06:27:21.114Z,2026-01-28T06:27:21.114Z
714,95a44394-c178-4f78-ad17-b60b76740697,4,1,728057,false,2026-01-28T06:27:21.114Z,2026-01-28T06:27:21.114Z
715,0fe61bdf-73c4-4f0f-a80a-e0905ca4bfd7,4,2,566204,false,2026-01-28T06:27:21.114Z,2026-01-28T06:27:21.114Z
716,c914e72e-3df7-41eb-8718-48f3cc8ccc14,4,3,732038,false,2026-01-28T06:27:21.114Z,2026-01-28T06:27:21.114Z
717,58be5bac-f0c0-4255-8b1c-abf3fc2ea168,4,1,934040,false,2026-01-28T06:27:21.114Z,2026-01-28T06:27:21.114Z
718,0a29560e-2dcf-421a-9a77-707ac695896d,4,2,199390,false,2026-01-28T06:27:21.114Z,2026-01-28T06:27:21.114Z
719,1256b781-68d2-4892-a7f0-3507d6e3dcf7,4,3,717100,false,2026-01-28T06:27:21.114Z,2026-01-28T06:27:21.114Z
720,0f107d85-b9d9-4ef0-9310-dfe6a2e10e56,4,1,002288,false,2026-01-28T06:27:21.114Z,2026-01-28T06:27:21.114Z
721,ca5fbd75-af0a-45fc-bf5d-9a87fab0cbad,4,2,596534,false,2026-01-28T06:27:21.114Z,2026-01-28T06:27:21.114Z
722,e88a9443-bd67-427a-8c6d-b2bb79d96b6c,4,3,134414,false,2026-01-28T06:27:21.114Z,2026-01-28T06:27:21.114Z
723,2693d19b-7d8f-4c9f-bebf-d98bd74d7f06,4,1,626939,false,2026-01-28T06:27:21.114Z,2026-01-28T06:27:21.114Z
724,4dc21596-1aab-47d2-8adf-ed6d689b5751,4,2,271960,false,2026-01-28T06:27:21.114Z,2026-01-28T06:27:21.114Z
725,9bd03517-372a-498e-9d09-15a2ef8a0f55,4,3,094757,false,2026-01-28T06:27:21.114Z,2026-01-28T06:27:21.114Z
726,6df927c9-9e49-45fa-b5b7-48b000887e9f,4,1,929455,false,2026-01-28T06:27:21.114Z,2026-01-28T06:27:21.114Z
727,a591e21c-3703-4277-8995-176b40fc787a,4,2,407936,false,2026-01-28T06:27:21.114Z,2026-01-28T06:27:21.114Z
728,986407bc-196d-4b5a-8c0a-69aa13383ee6,4,3,063306,false,2026-01-28T06:27:21.114Z,2026-01-28T06:27:21.114Z
729,04e49000-d705-4540-b4b5-3ecd73de384a,4,1,623755,false,2026-01-28T06:27:21.114Z,2026-01-28T06:27:21.114Z
730,30405852-aaca-481d-a10f-995fee7d3cf1,4,2,343940,false,2026-01-28T06:27:21.114Z,2026-01-28T06:27:21.114Z
731,3c8d3d5e-0e70-469d-87a1-7f973ead0247,4,3,604138,false,2026-01-28T06:27:21.114Z,2026-01-28T06:27:21.114Z
732,dd58d9ac-c883-42c0-bc4f-2395ca55f073,4,1,097662,false,2026-01-28T06:27:21.114Z,2026-01-28T06:27:21.114Z
733,0ec62d2d-c922-446d-8fa8-1bfd1010edf7,4,2,493297,false,2026-01-28T06:27:21.114Z,2026-01-28T06:27:21.114Z
734,69f2e28b-7ec9-48a7-9560-544ab881922d,4,3,188219,false,2026-01-28T06:27:21.114Z,2026-01-28T06:27:21.114Z
735,4f770378-8c16-4897-84ad-5cd048bc0853,4,1,699638,false,2026-01-28T06:27:21.114Z,2026-01-28T06:27:21.114Z
736,76d44db2-e281-4999-9a6e-e1edf5805653,4,2,336220,false,2026-01-28T06:27:21.114Z,2026-01-28T06:27:21.114Z
737,1cf71a93-0608-47a2-bc8c-a203cc5fd9b9,4,3,301541,false,2026-01-28T06:27:21.114Z,2026-01-28T06:27:21.114Z
738,6023d8b5-c3d8-4509-84d0-353c4c99ea9b,4,1,141982,false,2026-01-28T06:27:21.114Z,2026-01-28T06:27:21.114Z
739,1671a750-787c-4fd4-8392-6f15fd4b5c05,4,2,183563,false,2026-01-28T06:27:21.114Z,2026-01-28T06:27:21.114Z
740,8dffbe7f-58cd-44f2-8684-884043fdfa35,4,3,595949,false,2026-01-28T06:27:21.114Z,2026-01-28T06:27:21.114Z
741,aee82029-fb7f-4d59-8eb8-905b945eb354,4,1,229939,false,2026-01-28T06:27:21.114Z,2026-01-28T06:27:21.114Z
742,d64cab23-fac1-48e8-9ac2-c4fb3ffc984c,4,2,539783,false,2026-01-28T06:27:21.115Z,2026-01-28T06:27:21.115Z
743,77c3c246-8c67-4db2-bc88-10e6c28c7de9,4,3,782852,false,2026-01-28T06:27:21.115Z,2026-01-28T06:27:21.115Z
744,3cb933cd-2ac1-4258-bd48-13890e0452ea,4,1,146110,false,2026-01-28T06:27:21.115Z,2026-01-28T06:27:21.115Z
745,cb4a27c6-f9f9-45cc-b444-88cc45766db0,4,2,885442,false,2026-01-28T06:27:21.115Z,2026-01-28T06:27:21.115Z
746,99b8a26c-cc1a-44af-a877-c0e104330b80,4,3,397014,false,2026-01-28T06:27:21.115Z,2026-01-28T06:27:21.115Z
747,bb74677f-e0a0-4e49-9795-5ad8cc39b94e,4,1,449674,false,2026-01-28T06:27:21.115Z,2026-01-28T06:27:21.115Z
748,a5549fd4-c068-4154-8c24-95cb836ce6ec,4,2,975176,false,2026-01-28T06:27:21.115Z,2026-01-28T06:27:21.115Z
749,f03054d9-716f-4a87-9914-0c4db38e201c,4,3,580165,false,2026-01-28T06:27:21.115Z,2026-01-28T06:27:21.115Z
750,b0dfc6cd-a0eb-4c76-b17c-714c6dfa8b24,4,1,306258,false,2026-01-28T06:27:21.115Z,2026-01-28T06:27:21.115Z
751,aba15bec-8b4e-401b-bb51-5d89e8f2342c,4,2,194097,false,2026-01-28T06:27:21.115Z,2026-01-28T06:27:21.115Z
752,df2011bd-936a-47a7-b86f-56e2068fc860,4,3,715830,false,2026-01-28T06:27:21.115Z,2026-01-28T06:27:21.115Z
753,b576a367-7e42-4f95-a323-27987569fba7,4,1,010168,false,2026-01-28T06:27:21.115Z,2026-01-28T06:27:21.115Z
754,04a23edb-a087-41ab-b9d3-e238a75891f7,4,2,763796,false,2026-01-28T06:27:21.115Z,2026-01-28T06:27:21.115Z
755,2809db5c-9a23-4080-b2d7-806d21ea9542,4,3,440049,false,2026-01-28T06:27:21.115Z,2026-01-28T06:27:21.115Z
756,245da379-ef00-475e-90bc-2ce348133e64,4,1,120197,false,2026-01-28T06:27:21.115Z,2026-01-28T06:27:21.115Z
757,0a2bf6f6-877b-49ad-bc48-27f566dc7cc0,4,2,670571,false,2026-01-28T06:27:21.115Z,2026-01-28T06:27:21.115Z
758,e77798c3-80d5-41a5-b55f-007e97371d8e,4,3,793241,false,2026-01-28T06:27:21.115Z,2026-01-28T06:27:21.115Z
759,e800c1fe-f112-4b72-93ec-cf34737e4dea,4,1,483732,false,2026-01-28T06:27:21.115Z,2026-01-28T06:27:21.115Z
760,2fa93cd4-30f6-4db0-ac8e-08e30a54e138,4,2,607459,false,2026-01-28T06:27:21.115Z,2026-01-28T06:27:21.115Z
761,e73af1ac-f53a-4aa9-9fc5-e9e0cfe125f1,4,3,109752,false,2026-01-28T06:27:21.115Z,2026-01-28T06:27:21.115Z
762,b358ffb8-17db-42de-ac03-0e4e038030b8,4,1,228294,false,2026-01-28T06:27:21.115Z,2026-01-28T06:27:21.115Z
763,acced824-dc83-4fca-933b-672b996f12f9,4,2,750421,false,2026-01-28T06:27:21.115Z,2026-01-28T06:27:21.115Z
764,59bb9aa1-89de-45a1-9b8d-76feb1d9c5cb,4,3,913055,false,2026-01-28T06:27:21.115Z,2026-01-28T06:27:21.115Z
765,794f8da8-4635-4612-acbd-909b5f0cbf1c,4,1,646928,false,2026-01-28T06:27:21.115Z,2026-01-28T06:27:21.115Z
766,da87c1ac-4c04-45fd-9ec9-3351097e0387,4,2,867868,false,2026-01-28T06:27:21.115Z,2026-01-28T06:27:21.115Z
767,e9cf59cc-42ea-4556-88ae-248c8ac0b383,4,3,605666,false,2026-01-28T06:27:21.115Z,2026-01-28T06:27:21.115Z
768,eb33ccb3-503d-4938-ae93-944dc411cf63,4,1,977315,false,2026-01-28T06:27:21.115Z,2026-01-28T06:27:21.115Z
769,99cef3c0-910b-44bd-8391-49605b2e435f,4,2,891591,false,2026-01-28T06:27:21.115Z,2026-01-28T06:27:21.115Z
770,bf292a32-45b3-458a-bca0-9759f2d8f445,4,3,074670,false,2026-01-28T06:27:21.115Z,2026-01-28T06:27:21.115Z
771,627cc677-4458-462b-9f66-f835e030ab40,4,1,753043,false,2026-01-28T06:27:21.115Z,2026-01-28T06:27:21.115Z
772,3d8a8335-8ef1-49d5-9836-34a9b5deed30,4,2,687062,false,2026-01-28T06:27:21.115Z,2026-01-28T06:27:21.115Z
773,3c0ef474-acf4-41a6-b746-5b4ddf18c582,4,3,387801,false,2026-01-28T06:27:21.115Z,2026-01-28T06:27:21.115Z
774,a8fca1c3-e3b6-4369-abdf-78a1c7b0ffe6,4,1,232594,false,2026-01-28T06:27:21.115Z,2026-01-28T06:27:21.115Z
775,96515bd9-dbb3-48c1-afd1-7459735e9b53,4,2,059562,false,2026-01-28T06:27:21.115Z,2026-01-28T06:27:21.115Z
776,6f5c0867-6f10-4b75-83fa-499598a1ab12,4,3,555727,false,2026-01-28T06:27:21.115Z,2026-01-28T06:27:21.115Z
777,94f5e51a-2f97-4d83-9104-8e7f11b97d46,4,1,637557,false,2026-01-28T06:27:21.115Z,2026-01-28T06:27:21.115Z
778,c8f684e4-fc64-4e85-83ff-fe8fb67532f4,4,2,519973,false,2026-01-28T06:27:21.115Z,2026-01-28T06:27:21.115Z
779,a4b9a0b0-3cbb-4960-af9e-0e4319ee2572,4,3,323335,false,2026-01-28T06:27:21.115Z,2026-01-28T06:27:21.115Z
780,a44d6d50-cc5b-491d-ad6e-e9a5c968413f,4,1,279078,false,2026-01-28T06:27:21.115Z,2026-01-28T06:27:21.115Z
781,31ccbfe8-40d6-4e8b-ac4c-402c40adaba0,4,2,514795,false,2026-01-28T06:27:21.115Z,2026-01-28T06:27:21.115Z
782,601cffd3-69a7-4690-970e-39c07016e74f,4,3,890865,false,2026-01-28T06:27:21.115Z,2026-01-28T06:27:21.115Z
783,3cfda913-13b2-4f5b-9fff-6a45132b17d5,4,1,028541,false,2026-01-28T06:27:21.115Z,2026-01-28T06:27:21.115Z
784,b14e2dc8-130b-4e3e-ba4d-04b8aa78d94f,4,2,570326,false,2026-01-28T06:27:21.115Z,2026-01-28T06:27:21.115Z
785,b8a89085-df41-47d7-8aca-df8ebc3eaa94,4,3,249140,false,2026-01-28T06:27:21.115Z,2026-01-28T06:27:21.115Z
786,6ed350bd-11c1-4ef1-b9f5-1fa139ebb688,4,1,948436,false,2026-01-28T06:27:21.115Z,2026-01-28T06:27:21.115Z
787,d8fe23a6-9340-400a-a586-9a0efb6cd2b2,4,2,130869,false,2026-01-28T06:27:21.115Z,2026-01-28T06:27:21.115Z
788,1cf0f240-1418-4988-9e67-f9c2edbbb432,4,3,193684,false,2026-01-28T06:27:21.115Z,2026-01-28T06:27:21.115Z
789,b0cb34b2-cb80-4fed-8efa-6d866aada881,4,1,269514,false,2026-01-28T06:27:21.115Z,2026-01-28T06:27:21.115Z
790,c732a6ab-d1e4-411e-a3fb-d1f77daddb33,4,2,336856,false,2026-01-28T06:27:21.116Z,2026-01-28T06:27:21.116Z
791,e582a3c5-2b84-4e63-bbd6-ccba00528256,4,3,712285,false,2026-01-28T06:27:21.116Z,2026-01-28T06:27:21.116Z
792,6f3b1279-28d2-496d-9235-06f75fb2031b,4,1,445392,false,2026-01-28T06:27:21.116Z,2026-01-28T06:27:21.116Z
793,6746ffe3-5214-4b98-81fc-5c9c2e0697a4,4,2,953492,false,2026-01-28T06:27:21.116Z,2026-01-28T06:27:21.116Z
794,b21e67dc-7d62-41f2-91dd-8a571c8e78dc,4,3,255322,false,2026-01-28T06:27:21.116Z,2026-01-28T06:27:21.116Z
795,91e25f57-b8bc-48db-b5fc-1cd9ecdd8804,4,1,512668,false,2026-01-28T06:27:21.116Z,2026-01-28T06:27:21.116Z
796,771607e9-ff04-45cc-bee2-e54c0524ce66,4,2,279856,false,2026-01-28T06:27:21.116Z,2026-01-28T06:27:21.116Z
797,6f6d4f06-6192-4b00-8c9a-a7b8c13a04c4,4,3,066588,false,2026-01-28T06:27:21.116Z,2026-01-28T06:27:21.116Z
798,cd4406ac-0fe4-4837-a352-6b63ccbdc95f,4,1,544469,false,2026-01-28T06:27:21.116Z,2026-01-28T06:27:21.116Z
799,e77a8cf0-a4f0-4bd1-bf3e-100d29766d62,4,2,615537,false,2026-01-28T06:27:21.116Z,2026-01-28T06:27:21.116Z
800,4a58b278-808b-4d40-b6a6-32f888c8945b,4,3,351685,false,2026-01-28T06:27:21.116Z,2026-01-28T06:27:21.116Z
801,be617bc8-cbc0-45a8-8742-4776207a8611,4,1,870556,false,2026-01-28T06:27:21.116Z,2026-01-28T06:27:21.116Z
802,f436a05f-30ce-4a2a-a8b8-67d537dff543,4,2,796780,false,2026-01-28T06:27:21.116Z,2026-01-28T06:27:21.116Z
803,f175fe40-2e0e-4ec5-ad83-3291beaf5a97,4,3,398262,false,2026-01-28T06:27:21.116Z,2026-01-28T06:27:21.116Z
804,808c7f0f-0bd1-4be5-9203-5b96b3551f3d,4,1,948704,false,2026-01-28T06:27:21.116Z,2026-01-28T06:27:21.116Z
805,0ffa664e-9eb4-4c1d-a63c-6d5035fbe4ae,4,2,378478,false,2026-01-28T06:27:21.116Z,2026-01-28T06:27:21.116Z
806,c4b34043-5eb5-41c5-ae6d-bf4cb9471a9e,4,3,718931,false,2026-01-28T06:27:21.116Z,2026-01-28T06:27:21.116Z
807,ae80da6c-aedd-4ef2-bb6a-b737d6528199,4,1,099770,false,2026-01-28T06:27:21.116Z,2026-01-28T06:27:21.116Z
808,50baa9ed-ad5e-4ba7-bb9f-531bc242ea2a,4,2,909500,false,2026-01-28T06:27:21.116Z,2026-01-28T06:27:21.116Z
809,d7d1d66b-4dfc-40a2-a222-f9b51010eeac,4,3,869543,false,2026-01-28T06:27:21.116Z,2026-01-28T06:27:21.116Z
810,ca89af22-edff-4aa8-b68e-cfc62435d855,4,1,088461,false,2026-01-28T06:27:21.116Z,2026-01-28T06:27:21.116Z
811,c286c122-5f02-4212-b9d9-59e386d6c796,4,2,271640,false,2026-01-28T06:27:21.116Z,2026-01-28T06:27:21.116Z
812,6b1216ca-2e3b-410a-b32e-de1756958313,4,3,899971,false,2026-01-28T06:27:21.116Z,2026-01-28T06:27:21.116Z
813,7597531a-b641-4d66-b1c3-e4c46490af79,4,1,858238,false,2026-01-28T06:27:21.116Z,2026-01-28T06:27:21.116Z
814,0a5ce1c2-20e4-453c-9d2c-dfbc6bff323d,4,2,016836,false,2026-01-28T06:27:21.116Z,2026-01-28T06:27:21.116Z
815,8652012e-0de2-4a54-a641-8f0a0dc25f18,4,3,877496,false,2026-01-28T06:27:21.116Z,2026-01-28T06:27:21.116Z
816,1c6ad343-7664-4c5b-a890-05ab8f7fb4fa,4,1,894977,false,2026-01-28T06:27:21.116Z,2026-01-28T06:27:21.116Z
817,223e8d7d-d763-418d-90fe-608d5e62698e,4,2,779293,false,2026-01-28T06:27:21.116Z,2026-01-28T06:27:21.116Z
818,836923bb-f28c-4426-a79d-00f244d1bd9a,4,3,158677,false,2026-01-28T06:27:21.116Z,2026-01-28T06:27:21.116Z
819,12099661-6738-4e11-9fbc-44e0f39e2d1e,4,1,860764,false,2026-01-28T06:27:21.116Z,2026-01-28T06:27:21.116Z
820,2729428d-11cc-4f6d-b017-a3e1873fe53b,4,2,982615,false,2026-01-28T06:27:21.116Z,2026-01-28T06:27:21.116Z
821,cbfd964f-4525-43d4-a6e7-550f5f9eab1c,4,3,944677,false,2026-01-28T06:27:21.116Z,2026-01-28T06:27:21.116Z
822,1d759dc8-6ab6-46dd-8dc0-dc5078ea17b6,4,1,676143,false,2026-01-28T06:27:21.116Z,2026-01-28T06:27:21.116Z
823,12b0d29d-1321-404b-8b83-3c956de62cde,4,2,305286,false,2026-01-28T06:27:21.116Z,2026-01-28T06:27:21.116Z
824,4f8f555e-0e09-4d6a-8d55-839ff1e8712b,4,3,324178,false,2026-01-28T06:27:21.116Z,2026-01-28T06:27:21.116Z
825,15d75e30-2cb1-4230-b406-9a8712d7d15e,4,1,308225,false,2026-01-28T06:27:21.116Z,2026-01-28T06:27:21.116Z
826,c6f31c4b-8866-40af-9ceb-39303b838905,4,2,458417,false,2026-01-28T06:27:21.116Z,2026-01-28T06:27:21.116Z
827,b42fec44-872a-496e-8363-f3dcc35ebbea,4,3,875682,false,2026-01-28T06:27:21.116Z,2026-01-28T06:27:21.116Z
828,65b951f0-dc7d-4f8e-8a07-6a071241e867,4,1,307418,false,2026-01-28T06:27:21.116Z,2026-01-28T06:27:21.116Z
829,b9bfe937-06af-4d1d-9245-6933d480e9ce,4,2,576261,false,2026-01-28T06:27:21.116Z,2026-01-28T06:27:21.116Z
830,37254d72-1cb5-49ff-923f-6cfba260b80f,4,3,765876,false,2026-01-28T06:27:21.116Z,2026-01-28T06:27:21.116Z
831,ae7717f8-5a8d-439d-856b-a15d69b33c41,4,1,166227,false,2026-01-28T06:27:21.116Z,2026-01-28T06:27:21.116Z
832,8b2db405-1915-4053-8e5a-a9e0b800c96d,4,2,526186,false,2026-01-28T06:27:21.116Z,2026-01-28T06:27:21.116Z
833,05275cc5-e1b1-4c0f-b262-abe62a290773,4,3,253170,false,2026-01-28T06:27:21.116Z,2026-01-28T06:27:21.116Z
834,ee5ba98f-d071-4f3d-b63f-429a98ca9e86,4,1,788843,false,2026-01-28T06:27:21.116Z,2026-01-28T06:27:21.116Z
835,c5eb949b-0750-456a-a80e-a294c9df5a2e,4,2,457442,false,2026-01-28T06:27:21.116Z,2026-01-28T06:27:21.116Z
836,b4c3e915-6a54-406e-9cc3-b49f0a3d7eb1,4,3,764404,false,2026-01-28T06:27:21.116Z,2026-01-28T06:27:21.116Z
837,14523619-6a3e-4fb8-8d22-92f59a03e620,4,1,569467,false,2026-01-28T06:27:21.117Z,2026-01-28T06:27:21.117Z
838,5425dbfc-fddb-4122-b7f7-009755fbac10,4,2,393500,false,2026-01-28T06:27:21.117Z,2026-01-28T06:27:21.117Z
839,ba53267a-665d-4c52-bdbf-cc99fe5822b6,4,3,033403,false,2026-01-28T06:27:21.117Z,2026-01-28T06:27:21.117Z
840,7056f893-40a0-4d5f-b8a2-07e7e745d77a,4,1,446455,false,2026-01-28T06:27:21.117Z,2026-01-28T06:27:21.117Z
841,e2b9e98e-2473-4008-a1cb-56debd0f468e,4,2,246266,false,2026-01-28T06:27:21.117Z,2026-01-28T06:27:21.117Z
842,6a4cdc0c-3f4f-40e8-a5fc-a374fd23e337,4,3,411595,false,2026-01-28T06:27:21.117Z,2026-01-28T06:27:21.117Z
843,08b5e4f3-60d3-42c5-b3ce-4373e4fc2a2c,4,1,740413,false,2026-01-28T06:27:21.117Z,2026-01-28T06:27:21.117Z
844,370e6441-2f8c-43c0-b3cf-80996c7b091a,4,2,586984,false,2026-01-28T06:27:21.117Z,2026-01-28T06:27:21.117Z
845,f32a50de-6493-408f-8813-d99a054a1e76,4,3,392418,false,2026-01-28T06:27:21.117Z,2026-01-28T06:27:21.117Z
846,e2b0177a-8d26-426b-8a0f-0ded8d27cb1c,4,1,880805,false,2026-01-28T06:27:21.117Z,2026-01-28T06:27:21.117Z
847,a82f284a-8b55-415c-8166-0bb3c8eada33,4,2,695294,false,2026-01-28T06:27:21.117Z,2026-01-28T06:27:21.117Z
848,60298295-ef4d-4099-aa83-0542baca5f1f,4,3,523440,false,2026-01-28T06:27:21.117Z,2026-01-28T06:27:21.117Z
849,8751d8c1-81d7-45b0-b40e-8a6270374632,4,1,197588,false,2026-01-28T06:27:21.117Z,2026-01-28T06:27:21.117Z
850,d28aa110-8e33-4ce3-a7dd-e87ff420feae,4,2,940359,false,2026-01-28T06:27:21.117Z,2026-01-28T06:27:21.117Z
851,d5aed68d-621a-48ea-b676-ba9335f46825,4,3,456223,false,2026-01-28T06:27:21.117Z,2026-01-28T06:27:21.117Z
852,a1767d3a-af8a-4139-8887-f168ce144bba,4,1,700327,false,2026-01-28T06:27:21.117Z,2026-01-28T06:27:21.117Z
853,b9449683-590b-4395-b631-da73f3d0f2b7,4,2,201635,false,2026-01-28T06:27:21.117Z,2026-01-28T06:27:21.117Z
854,8d5c303d-e2e4-421c-b9ad-a1bfd42db443,4,3,642529,false,2026-01-28T06:27:21.117Z,2026-01-28T06:27:21.117Z
855,ee60ddb5-8353-4e31-bc3a-e2b0230a9f72,4,1,979639,false,2026-01-28T06:27:21.117Z,2026-01-28T06:27:21.117Z
856,6a8e3e09-f6ce-40f1-bb37-44631cd6c7aa,4,2,683076,false,2026-01-28T06:27:21.117Z,2026-01-28T06:27:21.117Z
857,1167222b-0378-49f7-8013-7eca3635865f,4,3,757979,false,2026-01-28T06:27:21.117Z,2026-01-28T06:27:21.117Z
858,51c96204-839b-49b9-88e2-e530b883c165,4,1,520607,false,2026-01-28T06:27:21.117Z,2026-01-28T06:27:21.117Z
859,ccf1c663-ea6f-45da-99de-3c2f70a4d2cd,4,2,951925,false,2026-01-28T06:27:21.117Z,2026-01-28T06:27:21.117Z
860,3c64a986-8478-4454-a6f8-af05408cd3aa,4,3,560865,false,2026-01-28T06:27:21.117Z,2026-01-28T06:27:21.117Z
861,bdb07421-f4a3-485e-8b6f-79a68a7d6bec,4,1,101192,false,2026-01-28T06:27:21.117Z,2026-01-28T06:27:21.117Z
862,17475341-0029-447c-ab47-cc32461233be,4,2,121316,false,2026-01-28T06:27:21.117Z,2026-01-28T06:27:21.117Z
863,0952bf05-adf8-4226-8d68-254fffee971a,4,3,102671,false,2026-01-28T06:27:21.117Z,2026-01-28T06:27:21.117Z
864,36063e61-f0ba-45d7-a914-c230aadbdb25,4,1,265712,false,2026-01-28T06:27:21.117Z,2026-01-28T06:27:21.117Z
865,4b64a1c9-cacd-43e3-bbed-19196428a9aa,4,2,825986,false,2026-01-28T06:27:21.117Z,2026-01-28T06:27:21.117Z
866,8a25d39d-1cf0-490b-8e74-21fc5bdebf6a,4,3,006912,false,2026-01-28T06:27:21.117Z,2026-01-28T06:27:21.117Z
867,1d7a492a-b680-4e8f-8cfd-fa534d2b1787,4,1,023640,false,2026-01-28T06:27:21.117Z,2026-01-28T06:27:21.117Z
868,f25db96a-320e-4e86-b022-beffee35ac97,4,2,140687,false,2026-01-28T06:27:21.117Z,2026-01-28T06:27:21.117Z
869,83d57536-ae5c-4528-a146-da9820bc95c8,4,3,936628,false,2026-01-28T06:27:21.117Z,2026-01-28T06:27:21.117Z
870,1e083ca5-071b-47ec-ab58-9ab35c07009c,4,1,789344,false,2026-01-28T06:27:21.117Z,2026-01-28T06:27:21.117Z
871,2c532d0f-7c08-4885-a2c1-1f7c990bce8d,4,2,902887,false,2026-01-28T06:27:21.117Z,2026-01-28T06:27:21.117Z
872,d6561567-9062-4332-a095-0d0b46072198,4,3,041621,false,2026-01-28T06:27:21.117Z,2026-01-28T06:27:21.117Z
873,2efa7fcc-f6b2-42a4-8a4d-c8987e060529,4,1,820014,false,2026-01-28T06:27:21.117Z,2026-01-28T06:27:21.117Z
874,b713d6bd-3e87-46a0-bfd6-8e483e96798f,4,2,406980,false,2026-01-28T06:27:21.117Z,2026-01-28T06:27:21.117Z
875,422167a2-d9fa-4a90-ad42-ac328436a30d,4,3,476724,false,2026-01-28T06:27:21.117Z,2026-01-28T06:27:21.117Z
876,ca80bc91-5b61-4e25-9387-6b19578000d1,4,1,632797,false,2026-01-28T06:27:21.117Z,2026-01-28T06:27:21.117Z
877,390c27ce-49d6-40a0-abdd-96c07d2b96d5,4,2,080642,false,2026-01-28T06:27:21.117Z,2026-01-28T06:27:21.117Z
878,197b79b3-8847-4113-8fb0-221a0f16c58e,4,3,915307,false,2026-01-28T06:27:21.117Z,2026-01-28T06:27:21.117Z
879,67eab797-8dd8-419d-bb4b-019791c3b09e,4,1,567261,false,2026-01-28T06:27:21.117Z,2026-01-28T06:27:21.117Z
880,50da6dda-bee7-44ad-8000-adcb488118f0,4,2,265776,false,2026-01-28T06:27:21.117Z,2026-01-28T06:27:21.117Z
881,d8944476-17ff-495d-a390-a84b2272d822,4,3,050203,false,2026-01-28T06:27:21.117Z,2026-01-28T06:27:21.117Z
882,3442c75a-11e0-4fc7-b1e1-f58896df6bc6,4,1,192321,false,2026-01-28T06:27:21.117Z,2026-01-28T06:27:21.117Z
883,a07cf01e-4c9e-4fc5-af04-e94d1c093554,4,2,868727,false,2026-01-28T06:27:21.117Z,2026-01-28T06:27:21.117Z
884,d2474cf7-cfcc-4a8d-89cc-5786978416f6,4,3,174918,false,2026-01-28T06:27:21.117Z,2026-01-28T06:27:21.118Z
885,fadfc669-a227-41b5-9612-a91bc8cad8d4,4,1,690814,false,2026-01-28T06:27:21.118Z,2026-01-28T06:27:21.118Z
886,01e92eff-94db-4e65-ab33-780411b932ca,4,2,000581,false,2026-01-28T06:27:21.118Z,2026-01-28T06:27:21.118Z
887,145c5e23-5a49-4eac-8e33-c41f02c14624,4,3,894462,false,2026-01-28T06:27:21.118Z,2026-01-28T06:27:21.118Z
888,bdffa9bb-b845-4f40-9798-1598a8a56cb9,4,1,132342,false,2026-01-28T06:27:21.118Z,2026-01-28T06:27:21.118Z
889,79489ca6-5600-4ab2-a0be-544d7492080c,4,2,067622,false,2026-01-28T06:27:21.118Z,2026-01-28T06:27:21.118Z
890,15e16f97-efc7-4ad6-8958-f6ea3ce6b6b1,4,3,290877,false,2026-01-28T06:27:21.118Z,2026-01-28T06:27:21.118Z
891,374b6aa6-4396-4b2a-adb8-e6033c5a5bb1,4,1,367569,false,2026-01-28T06:27:21.118Z,2026-01-28T06:27:21.118Z
892,6e443660-1ba7-4659-a98d-fd6a65947b7e,4,2,266791,false,2026-01-28T06:27:21.118Z,2026-01-28T06:27:21.118Z
893,0ec0d22d-484f-47a2-a101-02949d7653a2,4,3,124412,false,2026-01-28T06:27:21.118Z,2026-01-28T06:27:21.118Z
894,c5b24529-04df-46b4-9d3e-684a00524248,4,1,360717,false,2026-01-28T06:27:21.118Z,2026-01-28T06:27:21.118Z
895,51954439-c4a7-4a76-99eb-4927fd0acd67,4,2,579471,false,2026-01-28T06:27:21.118Z,2026-01-28T06:27:21.118Z
896,7ee753fa-5a29-4123-9dc6-7d4108b77709,4,3,122770,false,2026-01-28T06:27:21.118Z,2026-01-28T06:27:21.118Z
897,6e1d2fd6-d4b2-404c-a682-5e69b8295dd9,4,1,487901,false,2026-01-28T06:27:21.118Z,2026-01-28T06:27:21.118Z
898,b1c83f33-82e7-4508-9a20-d82a9700a34b,4,2,982528,false,2026-01-28T06:27:21.118Z,2026-01-28T06:27:21.118Z
899,4ef2c4ce-14be-477b-83b5-c5238c78bee3,4,3,886602,false,2026-01-28T06:27:21.118Z,2026-01-28T06:27:21.118Z
900,9eb8f075-6e44-4fc3-953a-432624b58abb,4,1,294578,false,2026-01-28T06:27:21.118Z,2026-01-28T06:27:21.118Z
901,7f3858c9-184b-4f4c-9be5-68711eb45b40,4,2,842039,false,2026-01-28T06:27:21.118Z,2026-01-28T06:27:21.118Z
902,79331b7a-029e-43ba-8d94-7c74d366dbe9,4,3,905035,false,2026-01-28T06:27:21.118Z,2026-01-28T06:27:21.118Z
903,8ca64b49-258f-4d10-9082-2730a0fe3925,4,1,479125,false,2026-01-28T06:27:21.118Z,2026-01-28T06:27:21.118Z
904,0271c76d-b0bb-4e43-9d50-db804bdd0664,4,2,340851,false,2026-01-28T06:27:21.118Z,2026-01-28T06:27:21.118Z
905,df1f86c5-c587-4ae3-8dbe-d63c15db97e3,4,3,974634,false,2026-01-28T06:27:21.118Z,2026-01-28T06:27:21.118Z
906,34b57660-ae85-4e14-a5bc-bf6fea8e2d12,4,1,534267,false,2026-01-28T06:27:21.118Z,2026-01-28T06:27:21.118Z
907,bf78a5b5-585a-495f-8b92-3e65628b5149,4,2,952591,false,2026-01-28T06:27:21.118Z,2026-01-28T06:27:21.118Z
908,6e6c44d6-0e35-4163-baea-41b0d625806d,4,3,215294,false,2026-01-28T06:27:21.118Z,2026-01-28T06:27:21.118Z
909,24cf4bc0-1a3d-408d-9430-70cd7df45080,4,1,515960,false,2026-01-28T06:27:21.118Z,2026-01-28T06:27:21.118Z
910,06d61a3d-11ed-4c56-9681-fde2d81f61f0,4,2,018877,false,2026-01-28T06:27:21.118Z,2026-01-28T06:27:21.118Z
911,6b5c0f97-d6fd-4a04-8fca-3b7d0479051c,4,3,321979,false,2026-01-28T06:27:21.118Z,2026-01-28T06:27:21.118Z
912,b8c0fa94-4b0c-43e2-8022-64f62667d426,4,1,490121,false,2026-01-28T06:27:21.118Z,2026-01-28T06:27:21.118Z
913,6e1b6777-defe-4d21-a30a-ea44a4003759,4,2,929356,false,2026-01-28T06:27:21.118Z,2026-01-28T06:27:21.118Z
914,5a53f400-84e7-43a2-ac75-ec1ec72f9959,4,3,665384,false,2026-01-28T06:27:21.118Z,2026-01-28T06:27:21.118Z
915,a86a94f8-ccf5-45e7-afa9-f021b6e4678e,4,1,410897,false,2026-01-28T06:27:21.118Z,2026-01-28T06:27:21.118Z
916,d6dd7b8c-8e6c-428d-a5e0-57f8b2ae7242,4,2,370701,false,2026-01-28T06:27:21.118Z,2026-01-28T06:27:21.118Z
917,762cc25d-1e1e-422e-8b01-e9d43acb469b,4,3,501348,false,2026-01-28T06:27:21.118Z,2026-01-28T06:27:21.118Z
918,b6c247e2-5ec0-4c09-baf6-f0e869116343,4,1,746829,false,2026-01-28T06:27:21.118Z,2026-01-28T06:27:21.118Z
919,90dc592b-f274-4190-990f-020a9c72630a,4,2,607171,false,2026-01-28T06:27:21.118Z,2026-01-28T06:27:21.118Z
920,359c394c-6c3a-49e8-82d6-eb1134863cfd,4,3,471947,false,2026-01-28T06:27:21.118Z,2026-01-28T06:27:21.118Z
921,154e5456-0649-4105-a3e0-50da1c78cb0f,4,1,315005,false,2026-01-28T06:27:21.119Z,2026-01-28T06:27:21.119Z
922,923fe2b5-a88f-4677-92de-9e793dd568c3,4,2,414767,false,2026-01-28T06:27:21.119Z,2026-01-28T06:27:21.119Z
923,a6bb17d6-6f76-4848-997c-cc6def64c9c6,4,3,865397,false,2026-01-28T06:27:21.119Z,2026-01-28T06:27:21.119Z
924,bafb027f-6a46-4e1c-bb44-7b8827df3f0c,4,1,159070,false,2026-01-28T06:27:21.119Z,2026-01-28T06:27:21.119Z
925,f9870b19-0b69-4c72-97b1-896a0fbf6046,4,2,644881,false,2026-01-28T06:27:21.119Z,2026-01-28T06:27:21.119Z
926,36a0132c-d4f9-430f-a16c-24e99f268a62,4,3,993069,false,2026-01-28T06:27:21.119Z,2026-01-28T06:27:21.119Z
927,851f7362-9433-491a-8bc7-4eb2dc0a7a7d,4,1,547131,false,2026-01-28T06:27:21.119Z,2026-01-28T06:27:21.119Z
928,24adf873-cb1b-4e80-9f04-f30214a165f2,4,2,049522,false,2026-01-28T06:27:21.119Z,2026-01-28T06:27:21.119Z
929,bcd0f347-a080-4ab9-a919-49fbcec4e93a,4,3,827312,false,2026-01-28T06:27:21.119Z,2026-01-28T06:27:21.119Z
930,24166d51-2b88-4553-bbdf-18929ec8e8f5,4,1,370181,false,2026-01-28T06:27:21.119Z,2026-01-28T06:27:21.119Z
931,32244d13-eeee-4fa0-8dcb-fa65ebced39a,4,2,581629,false,2026-01-28T06:27:21.119Z,2026-01-28T06:27:21.119Z
932,a7cc1e90-4900-4a41-bb09-84c809589a48,4,3,675091,false,2026-01-28T06:27:21.119Z,2026-01-28T06:27:21.119Z
933,67624af4-da7f-4c76-a3ac-22e5ca23414a,4,1,135107,false,2026-01-28T06:27:21.119Z,2026-01-28T06:27:21.119Z
934,b3aa27d3-69b5-446b-be48-5d07b37e5dca,4,2,201343,false,2026-01-28T06:27:21.119Z,2026-01-28T06:27:21.119Z
935,d499c80c-99d9-4e6a-b010-17ce79380f3a,4,3,981206,false,2026-01-28T06:27:21.119Z,2026-01-28T06:27:21.119Z
936,bb419054-a49b-4b6a-93b4-b6ad2eba6f83,4,1,229258,false,2026-01-28T06:27:21.119Z,2026-01-28T06:27:21.119Z
937,e88c4f91-0d6f-4b92-abcc-127f74d26203,4,2,176240,false,2026-01-28T06:27:21.119Z,2026-01-28T06:27:21.119Z
938,c910cdef-3bc4-4748-be71-e018f1d16656,4,3,983499,false,2026-01-28T06:27:21.119Z,2026-01-28T06:27:21.119Z
939,63db9f7a-fd50-4682-9bdd-ad46a68729d0,4,1,640404,false,2026-01-28T06:27:21.119Z,2026-01-28T06:27:21.119Z
940,bddc8293-414e-4c85-9703-528e20246993,4,2,286189,false,2026-01-28T06:27:21.119Z,2026-01-28T06:27:21.119Z
941,df64c526-f3f8-4e74-943f-e51d9aa01bb1,4,3,238730,false,2026-01-28T06:27:21.119Z,2026-01-28T06:27:21.119Z
942,4a262c72-77b0-455c-8a0f-fbf92ef65b15,4,1,555629,false,2026-01-28T06:27:21.119Z,2026-01-28T06:27:21.119Z
943,113641a9-cd12-44c4-9e7f-0c08266fd487,4,2,037653,false,2026-01-28T06:27:21.119Z,2026-01-28T06:27:21.119Z
944,226c0021-3147-4ea8-8e1a-83046fe8b008,4,3,015880,false,2026-01-28T06:27:21.119Z,2026-01-28T06:27:21.119Z
945,c66e2f7b-2b36-4c69-acab-49facd7bce35,4,1,338172,false,2026-01-28T06:27:21.119Z,2026-01-28T06:27:21.119Z
946,055be41c-0efd-40d1-95bd-603d51518848,4,2,587782,false,2026-01-28T06:27:21.119Z,2026-01-28T06:27:21.119Z
947,d5becf93-9270-4d85-910e-a945c42a1b0c,4,3,864278,false,2026-01-28T06:27:21.119Z,2026-01-28T06:27:21.119Z
948,ca6d06f7-3274-4140-a571-86ee9f932284,4,1,123278,false,2026-01-28T06:27:21.119Z,2026-01-28T06:27:21.119Z
949,c908067d-ed65-4130-b02b-dfcf11d9dccd,4,2,350015,false,2026-01-28T06:27:21.119Z,2026-01-28T06:27:21.119Z
950,8b1a69c6-db2f-4df8-a63d-e5735465594b,4,3,765340,false,2026-01-28T06:27:21.119Z,2026-01-28T06:27:21.119Z
951,d073d3de-936a-4622-90a2-0a31d02316ea,4,1,108431,false,2026-01-28T06:27:21.119Z,2026-01-28T06:27:21.119Z
952,cd2e702c-08a4-4fce-af2b-b4e95bbec964,4,2,276046,false,2026-01-28T06:27:21.119Z,2026-01-28T06:27:21.119Z
953,27bc9dba-efbd-43d9-9313-f5a03ac49ea2,4,3,367126,false,2026-01-28T06:27:21.119Z,2026-01-28T06:27:21.119Z
954,c1bdb36d-d740-4674-b5e4-3f9cc95fadf7,4,1,000499,false,2026-01-28T06:27:21.119Z,2026-01-28T06:27:21.119Z
955,1b5c0885-1b4c-43c2-aa9e-1ea48fb3a500,4,2,202111,false,2026-01-28T06:27:21.119Z,2026-01-28T06:27:21.119Z
956,4801842d-5b8d-4a81-a83f-2f8d7fba28c7,4,3,245944,false,2026-01-28T06:27:21.119Z,2026-01-28T06:27:21.119Z
957,aa07d93b-6cf7-4860-a7d5-00091dd823fc,4,1,684214,false,2026-01-28T06:27:21.119Z,2026-01-28T06:27:21.119Z
958,0e23f1a9-2796-4cd8-838b-12bfef57b210,4,2,574422,false,2026-01-28T06:27:21.119Z,2026-01-28T06:27:21.119Z
959,a073e1e3-8956-496f-984c-d0f50cb4a7aa,4,3,839317,false,2026-01-28T06:27:21.119Z,2026-01-28T06:27:21.119Z
960,37c2b5b3-54e2-4996-b27c-ad940445dcd3,4,1,826116,false,2026-01-28T06:27:21.119Z,2026-01-28T06:27:21.119Z
961,18d52749-c9a9-42ee-942e-667b94e9a7f3,4,2,784559,false,2026-01-28T06:27:21.119Z,2026-01-28T06:27:21.119Z
962,98edf2b1-6bbf-4400-8683-f827343f67d4,4,3,383474,false,2026-01-28T06:27:21.119Z,2026-01-28T06:27:21.119Z
963,1150b5f0-1808-403a-bb22-c8f4166dddff,4,1,380335,false,2026-01-28T06:27:21.119Z,2026-01-28T06:27:21.119Z
964,554be6d6-9634-42df-a824-c9600fd094c1,4,2,412427,false,2026-01-28T06:27:21.119Z,2026-01-28T06:27:21.119Z
965,240b75e3-2e01-427d-b89a-1885803e9b01,4,3,836119,false,2026-01-28T06:27:21.119Z,2026-01-28T06:27:21.119Z
966,c994796e-ee79-496e-ac33-5c23ac8602f6,4,1,783019,false,2026-01-28T06:27:21.119Z,2026-01-28T06:27:21.119Z
967,4d2eec5f-ffb8-4cdb-a307-38370ec793ef,4,2,563411,false,2026-01-28T06:27:21.119Z,2026-01-28T06:27:21.120Z
968,99141e29-be57-42f0-8a64-42b3a2fe7b22,4,3,413285,false,2026-01-28T06:27:21.120Z,2026-01-28T06:27:21.120Z
969,d358b2e8-dfe7-44d6-993f-0e9589dbd167,4,1,642584,false,2026-01-28T06:27:21.120Z,2026-01-28T06:27:21.120Z
970,ee471bb9-ab08-4321-8f97-a7506466e38f,4,2,483632,false,2026-01-28T06:27:21.120Z,2026-01-28T06:27:21.120Z
971,8f8ca4e5-83f4-43b7-98f0-c0dc1df547cd,4,3,306424,false,2026-01-28T06:27:21.120Z,2026-01-28T06:27:21.120Z
972,57d3132e-ab4a-42d6-bde5-51e6f340e23b,4,1,320065,false,2026-01-28T06:27:21.120Z,2026-01-28T06:27:21.120Z
973,aaae8923-8154-452b-84c7-1388f858a00d,4,2,115367,false,2026-01-28T06:27:21.120Z,2026-01-28T06:27:21.120Z
974,31287a31-7e79-4a3e-9930-bf5eb1a068e6,4,3,403684,false,2026-01-28T06:27:21.120Z,2026-01-28T06:27:21.120Z
975,50e76f26-6af8-4246-b9eb-783e329da38c,4,1,773750,false,2026-01-28T06:27:21.120Z,2026-01-28T06:27:21.120Z
976,f80288f2-76e7-4b6f-a02b-ecac6917a3a4,4,2,554826,false,2026-01-28T06:27:21.120Z,2026-01-28T06:27:21.120Z
977,0deb94e2-4e06-4467-b1ee-c32ff564ec0b,4,3,369878,false,2026-01-28T06:27:21.120Z,2026-01-28T06:27:21.120Z
978,3230ffe7-57c6-49d5-821d-a9c188072218,4,1,313368,false,2026-01-28T06:27:21.120Z,2026-01-28T06:27:21.120Z
979,d91860cf-064b-4471-b35b-584dd724eb3f,4,2,807854,false,2026-01-28T06:27:21.120Z,2026-01-28T06:27:21.120Z
980,69842173-0155-4dae-9dab-d279a95514d1,4,3,206285,false,2026-01-28T06:27:21.120Z,2026-01-28T06:27:21.120Z
981,68e2445a-21b9-434b-bc24-cfb7214161fd,4,1,899199,false,2026-01-28T06:27:21.120Z,2026-01-28T06:27:21.120Z
982,b83815a1-65a9-460f-b23c-6fa19c2c8082,4,2,639418,false,2026-01-28T06:27:21.120Z,2026-01-28T06:27:21.120Z
983,b38c471e-42f3-4a3a-9ab6-ef2c49e42ff1,4,3,336362,false,2026-01-28T06:27:21.120Z,2026-01-28T06:27:21.120Z
984,9f33bbfa-6238-4509-b582-08ee32051acb,4,1,791458,false,2026-01-28T06:27:21.120Z,2026-01-28T06:27:21.120Z
985,372c8ed1-b7e1-492c-b346-dfc46fe5594c,4,2,682926,false,2026-01-28T06:27:21.120Z,2026-01-28T06:27:21.120Z
986,1f396e5c-c990-441d-9a97-3ece981043ae,4,3,418440,false,2026-01-28T06:27:21.120Z,2026-01-28T06:27:21.120Z
987,1e455cc0-1c35-4bee-914b-8d044362f8a0,4,1,437579,false,2026-01-28T06:27:21.120Z,2026-01-28T06:27:21.120Z
988,8a925b10-c3c9-4134-9c27-0ee86c1f0481,4,2,463358,false,2026-01-28T06:27:21.120Z,2026-01-28T06:27:21.120Z
989,356adbe0-eeed-4345-8e86-69548c250009,4,3,800742,false,2026-01-28T06:27:21.120Z,2026-01-28T06:27:21.120Z
990,eea3063d-738d-4d5c-9db0-22b8ca47b3a6,4,1,277483,false,2026-01-28T06:27:21.120Z,2026-01-28T06:27:21.120Z
991,a66171b6-520d-499d-b89f-8bfd1283bbe9,4,2,302205,false,2026-01-28T06:27:21.120Z,2026-01-28T06:27:21.120Z
992,30c2d386-6d11-40e2-ae74-001fe1b8fcbd,4,3,966868,false,2026-01-28T06:27:21.120Z,2026-01-28T06:27:21.120Z
993,b29ebd3c-45f8-4207-8c22-a18321eda5c7,4,1,314306,false,2026-01-28T06:27:21.120Z,2026-01-28T06:27:21.120Z
994,3c20e016-af28-406a-b5f1-89fec036d8b1,4,2,553031,false,2026-01-28T06:27:21.120Z,2026-01-28T06:27:21.120Z
995,d8841107-f73c-45bb-b6da-d95050de86c9,4,3,665876,false,2026-01-28T06:27:21.120Z,2026-01-28T06:27:21.120Z
996,b092c3e6-96b0-48dd-aca3-0f944aeb2501,4,1,608664,false,2026-01-28T06:27:21.120Z,2026-01-28T06:27:21.120Z
997,c8c6fa02-3461-4303-b074-4fd3f5eacaec,4,2,042485,false,2026-01-28T06:27:21.120Z,2026-01-28T06:27:21.120Z
998,be52acad-a237-481a-a180-7466899a4ba1,4,3,524138,false,2026-01-28T06:27:21.120Z,2026-01-28T06:27:21.120Z
999,8691f448-f293-4aac-b85b-aa164c46aeed,4,1,556252,false,2026-01-28T06:27:21.120Z,2026-01-28T06:27:21.120Z
1000,a398a23f-96d3-41bb-8bd8-6f6672a88335,4,2,030582,false,2026-01-28T06:27:21.120Z,2026-01-28T06:27:21.120Z
1001,e1609293-6199-4595-8b3f-8105ed0f8db7,4,3,153342,false,2026-01-28T06:27:21.120Z,2026-01-28T06:27:21.120Z
1002,4c72c557-6eb8-48e7-ba0f-89293cb34471,4,1,065568,false,2026-01-28T06:27:21.120Z,2026-01-28T06:27:21.120Z
1003,779f7665-6558-42c7-af59-9dfb3d0e688d,4,2,354266,false,2026-01-28T06:27:21.120Z,2026-01-28T06:27:21.120Z
1004,7139bcac-c349-4f5a-a2c7-7715e3d3c1c4,4,3,127486,false,2026-01-28T06:27:21.120Z,2026-01-28T06:27:21.120Z
1005,fa1ef2ca-f8e5-406f-8750-7bd3f7ba499c,4,1,013932,false,2026-01-28T06:27:21.121Z,2026-01-28T06:27:21.121Z
1006,4baba2b5-f647-4862-a105-bd8ac9ac5d02,4,2,976598,false,2026-01-28T06:27:21.121Z,2026-01-28T06:27:21.121Z
1007,b8bc939f-0395-4ba2-a0a7-a2af68409e86,4,3,052243,false,2026-01-28T06:27:21.121Z,2026-01-28T06:27:21.121Z
1008,b50816c6-64a8-4a59-a985-294848d12110,4,1,321438,false,2026-01-28T06:27:21.121Z,2026-01-28T06:27:21.121Z
1009,3d4a5df1-2e5d-4553-a3e4-6d80c7a840ef,4,2,639867,false,2026-01-28T06:27:21.121Z,2026-01-28T06:27:21.121Z
1010,efd9fada-2f2e-4705-ad4b-b01252342575,4,3,051438,false,2026-01-28T06:27:21.121Z,2026-01-28T06:27:21.121Z
1011,f460e56e-1ad3-4f18-b85c-90c89b8a8943,4,1,119807,false,2026-01-28T06:27:21.121Z,2026-01-28T06:27:21.121Z
1012,2f2c68d4-4116-4d05-86e3-9b72aa56313f,4,2,085236,false,2026-01-28T06:27:21.121Z,2026-01-28T06:27:21.121Z
1013,0163dd4b-293b-4693-b815-47e523dfe673,4,3,077938,false,2026-01-28T06:27:21.121Z,2026-01-28T06:27:21.121Z
1014,fbfd1864-755d-42e3-8ad5-78458ae7211b,4,1,994441,false,2026-01-28T06:27:21.121Z,2026-01-28T06:27:21.121Z
1015,d3f56c73-2b57-4583-be77-2addb6f536f9,4,2,570070,false,2026-01-28T06:27:21.121Z,2026-01-28T06:27:21.121Z
1016,6508402d-3245-4226-964c-3fb555ccfeeb,4,3,266208,false,2026-01-28T06:27:21.121Z,2026-01-28T06:27:21.121Z
1017,1d5c47ff-a368-40f7-b26e-c1ca9da0596c,4,1,688989,false,2026-01-28T06:27:21.121Z,2026-01-28T06:27:21.121Z
1018,c661e7ad-c3c6-4ea7-9a33-742e21f2b915,4,2,370289,false,2026-01-28T06:27:21.121Z,2026-01-28T06:27:21.121Z
1019,707f5388-9bb7-4f2b-bc2b-6c5d3bcc1db5,4,3,794052,false,2026-01-28T06:27:21.121Z,2026-01-28T06:27:21.121Z
1020,450b2778-1b41-438a-85b9-1c87b7038c15,4,1,932878,false,2026-01-28T06:27:21.121Z,2026-01-28T06:27:21.121Z
1021,ff5e1846-77c0-45ee-bbb2-433c0d3bd1f4,4,2,577705,false,2026-01-28T06:27:21.121Z,2026-01-28T06:27:21.121Z
1022,a6a335bf-a7c7-4734-ad98-d7ca429acb24,4,3,413538,false,2026-01-28T06:27:21.121Z,2026-01-28T06:27:21.121Z
1023,532b48d9-a8e9-4d15-a723-50851483594c,4,1,823977,false,2026-01-28T06:27:21.121Z,2026-01-28T06:27:21.121Z
1024,90523136-bdf7-4675-aac4-8215f519beb4,4,2,748345,false,2026-01-28T06:27:21.121Z,2026-01-28T06:27:21.121Z
1025,c6a5db60-22a4-4b3f-8345-de24136ad5e7,4,3,337480,false,2026-01-28T06:27:21.121Z,2026-01-28T06:27:21.121Z
1026,9be40029-3444-4e6d-a2d5-c3591a302b97,4,1,276820,false,2026-01-28T06:27:21.121Z,2026-01-28T06:27:21.121Z
1027,3ab8dd70-72b9-4595-98aa-8c8a1b4d6a57,4,2,365454,false,2026-01-28T06:27:21.121Z,2026-01-28T06:27:21.121Z
1028,93c89c8f-df46-4d00-bcc6-3fd7f91b8946,4,3,256616,false,2026-01-28T06:27:21.121Z,2026-01-28T06:27:21.121Z
1029,09e89628-13d8-4aed-9f94-581e326d63a4,4,1,100630,false,2026-01-28T06:27:21.121Z,2026-01-28T06:27:21.121Z
1030,212feb2d-a508-46b2-94c9-971270a93b2d,4,2,088598,false,2026-01-28T06:27:21.121Z,2026-01-28T06:27:21.121Z
1031,f9463fc2-7a6c-4255-a8e8-3a6cdda09409,4,3,857962,false,2026-01-28T06:27:21.121Z,2026-01-28T06:27:21.121Z
1032,511b56c7-dbd2-462d-a8bd-f99853e77a49,4,1,557137,false,2026-01-28T06:27:21.121Z,2026-01-28T06:27:21.121Z
1033,707800f4-dbef-4fad-9f84-776b58d55000,4,2,534972,false,2026-01-28T06:27:21.121Z,2026-01-28T06:27:21.121Z
1034,0beee253-ab67-4b6c-af7a-13b325a52f00,4,3,930111,false,2026-01-28T06:27:21.121Z,2026-01-28T06:27:21.121Z
1035,dba8caf0-c759-4a0e-8641-6fd5c96865d9,4,1,519820,false,2026-01-28T06:27:21.121Z,2026-01-28T06:27:21.121Z
1036,f3bce86a-abc6-4d35-8931-d5e14d8a8be8,4,2,849866,false,2026-01-28T06:27:21.121Z,2026-01-28T06:27:21.121Z
1037,a786c4af-4eb6-4afc-9471-3bf151f78519,4,3,552383,false,2026-01-28T06:27:21.121Z,2026-01-28T06:27:21.121Z
1038,89812777-96bb-46bf-98dd-dbbea398df10,4,1,975640,false,2026-01-28T06:27:21.121Z,2026-01-28T06:27:21.121Z
1039,6c5aaf19-da7a-4e08-821a-ceff687dcbd7,4,2,383793,false,2026-01-28T06:27:21.121Z,2026-01-28T06:27:21.121Z
1040,f0f28efa-00d7-4c1a-a5fd-d96f6e16833f,4,3,682541,false,2026-01-28T06:27:21.121Z,2026-01-28T06:27:21.121Z
1041,7e9747e8-2530-47ab-9d33-9a3f25a7df01,4,1,304109,false,2026-01-28T06:27:21.121Z,2026-01-28T06:27:21.121Z
1042,e1ed96c3-4c0f-46c4-8359-d0f5ecc33205,4,2,251502,false,2026-01-28T06:27:21.121Z,2026-01-28T06:27:21.121Z
1043,36e31d0f-30bf-4ec7-833b-239b4adf1d2c,4,3,110489,false,2026-01-28T06:27:21.121Z,2026-01-28T06:27:21.121Z
1044,5492a2e5-121d-4383-b4fc-ccdbd1ef4b34,4,1,113836,false,2026-01-28T06:27:21.121Z,2026-01-28T06:27:21.121Z
1045,a7e2aa16-70ac-4221-9e91-3db4bfce7a54,4,2,429180,false,2026-01-28T06:27:21.121Z,2026-01-28T06:27:21.121Z
1046,40c0941f-eeef-4318-af18-59ec40ed37c6,4,3,964556,false,2026-01-28T06:27:21.121Z,2026-01-28T06:27:21.121Z
1047,b6cc86d2-8622-40f9-a28b-9185f4dda25d,4,1,670597,false,2026-01-28T06:27:21.121Z,2026-01-28T06:27:21.121Z
1048,61a2c97f-b0db-4cf2-a5e4-e98df0294230,4,2,202855,false,2026-01-28T06:27:21.121Z,2026-01-28T06:27:21.121Z
1049,c3a21893-f87b-4903-a44c-4012eda7cac4,4,3,869243,false,2026-01-28T06:27:21.121Z,2026-01-28T06:27:21.121Z
1050,93010d78-e94f-4dab-958e-636aa8df2846,4,1,247906,false,2026-01-28T06:27:21.121Z,2026-01-28T06:27:21.121Z
1051,bc5a998c-833f-4ebb-b85a-373d6ce8a955,4,2,545847,false,2026-01-28T06:27:21.122Z,2026-01-28T06:27:21.122Z
1052,51bd076a-349b-4b68-bf29-ccf860ef8911,4,3,086846,false,2026-01-28T06:27:21.122Z,2026-01-28T06:27:21.122Z
1053,6e373b54-af69-4e80-a39a-b1dac7a9333f,4,1,468100,false,2026-01-28T06:27:21.122Z,2026-01-28T06:27:21.122Z
1054,01f52d45-40ee-4eac-b2e6-7769463afc67,4,2,762230,false,2026-01-28T06:27:21.122Z,2026-01-28T06:27:21.122Z
1055,76cb7c80-c3be-40d0-aa73-6f09629bd124,4,3,899858,false,2026-01-28T06:27:21.122Z,2026-01-28T06:27:21.122Z
1056,84b207dd-eafe-4f09-9cc0-cdd233bbef03,4,1,610742,false,2026-01-28T06:27:21.122Z,2026-01-28T06:27:21.122Z
1057,ea86aad0-7193-4435-bca5-e76232acc3c6,4,2,658015,false,2026-01-28T06:27:21.122Z,2026-01-28T06:27:21.122Z
1058,99df6b5a-4103-4465-b499-52de819f11b4,4,3,684904,false,2026-01-28T06:27:21.122Z,2026-01-28T06:27:21.122Z
1059,d6316ebc-ef89-462d-812e-e96402fe343c,4,1,346767,false,2026-01-28T06:27:21.122Z,2026-01-28T06:27:21.122Z
1060,2a8830ba-0923-4d8c-9969-297fc46dc440,4,2,088367,false,2026-01-28T06:27:21.122Z,2026-01-28T06:27:21.122Z
1061,dfd76619-e574-4c90-866e-229ecce1ebbd,4,3,229417,false,2026-01-28T06:27:21.122Z,2026-01-28T06:27:21.122Z
1062,86ca6767-c338-4496-9edc-e4e6d1261f11,4,1,377849,false,2026-01-28T06:27:21.122Z,2026-01-28T06:27:21.122Z
1063,f45860ed-edbd-4813-9009-1058ecede849,4,2,049980,false,2026-01-28T06:27:21.122Z,2026-01-28T06:27:21.122Z
1064,b12c3f01-2fa3-463d-abd4-394a431be2ef,4,3,090117,false,2026-01-28T06:27:21.122Z,2026-01-28T06:27:21.122Z
1065,81c4aa33-f5b7-44a8-9133-210f68a8ec54,4,1,274998,false,2026-01-28T06:27:21.122Z,2026-01-28T06:27:21.122Z
1066,c9a30a72-3224-4d95-8f64-96592c19a929,4,2,426256,false,2026-01-28T06:27:21.122Z,2026-01-28T06:27:21.122Z
1067,0bdc4d95-8701-4c8c-8914-6ca46f797c49,4,3,870686,false,2026-01-28T06:27:21.122Z,2026-01-28T06:27:21.122Z
1068,482ca2e5-2ffc-4e3b-a25c-e0a6375006ba,4,1,505539,false,2026-01-28T06:27:21.122Z,2026-01-28T06:27:21.122Z
1069,5746bfd9-289c-44b2-8af7-38714f2159e9,4,2,983816,false,2026-01-28T06:27:21.122Z,2026-01-28T06:27:21.122Z
1070,10bdefa3-58f2-4b2f-955b-2c45f053f74b,4,3,298230,false,2026-01-28T06:27:21.122Z,2026-01-28T06:27:21.122Z
1071,a7e52b66-0cb9-4819-9fd0-68bc1f162edb,4,1,472986,false,2026-01-28T06:27:21.122Z,2026-01-28T06:27:21.122Z
1072,e9cd6f17-8923-40f3-abeb-f4f162b6f3bc,4,2,061703,false,2026-01-28T06:27:21.122Z,2026-01-28T06:27:21.122Z
1073,46e6ae35-d5be-4ef0-b2d3-fc0de86650e2,4,3,028409,false,2026-01-28T06:27:21.122Z,2026-01-28T06:27:21.122Z
1074,853ff1c5-c305-408b-aa06-ec716c13679b,4,1,249557,false,2026-01-28T06:27:21.122Z,2026-01-28T06:27:21.122Z
1075,c834439e-d143-4cdf-8197-c45335beea72,4,2,919787,false,2026-01-28T06:27:21.122Z,2026-01-28T06:27:21.122Z
1076,bcb808bc-fbb4-4605-9fee-cd8223f6a608,4,3,596791,false,2026-01-28T06:27:21.122Z,2026-01-28T06:27:21.122Z
1077,89b79d70-83c9-4485-88fa-138f76c9f932,4,1,827209,false,2026-01-28T06:27:21.122Z,2026-01-28T06:27:21.122Z
1078,ff69cd5f-a774-4505-9a98-b50065574d4a,4,2,153974,false,2026-01-28T06:27:21.122Z,2026-01-28T06:27:21.122Z
1079,d7a63efc-fa56-4dd8-bd88-2e24ae3567a9,4,3,165024,false,2026-01-28T06:27:21.122Z,2026-01-28T06:27:21.122Z
1080,fad60a03-5f6b-4a89-961b-e5b254906702,4,1,010935,false,2026-01-28T06:27:21.122Z,2026-01-28T06:27:21.122Z
1081,9194e60a-264f-4dec-8da2-426cf5693a22,4,2,231627,false,2026-01-28T06:27:21.122Z,2026-01-28T06:27:21.122Z
1082,8411ee32-6689-430d-9622-fc169f7a27d4,4,3,706657,false,2026-01-28T06:27:21.122Z,2026-01-28T06:27:21.122Z
1083,09612a6f-c2d7-448b-87f8-aca564671c1f,4,1,648498,false,2026-01-28T06:27:21.122Z,2026-01-28T06:27:21.122Z
1084,fa6882a0-229e-4e72-bb0e-9d719faf953c,4,2,404316,false,2026-01-28T06:27:21.122Z,2026-01-28T06:27:21.122Z
1085,c6629e01-001d-4502-811c-2609be98d011,4,3,665059,false,2026-01-28T06:27:21.122Z,2026-01-28T06:27:21.122Z
1086,5aba3bcd-0b7f-4d3d-903e-afd59a17baae,4,1,253323,false,2026-01-28T06:27:21.122Z,2026-01-28T06:27:21.122Z
1087,e0d503ba-9b07-4c69-9272-3918e93bf5de,4,2,379124,false,2026-01-28T06:27:21.122Z,2026-01-28T06:27:21.122Z
1088,1a9730f0-8c7d-44a1-a74b-63dd40377ff0,4,3,788862,false,2026-01-28T06:27:21.122Z,2026-01-28T06:27:21.122Z
1089,c510cad7-9265-4d86-b2fd-7fc8f89092d4,4,1,532277,false,2026-01-28T06:27:21.122Z,2026-01-28T06:27:21.122Z
1090,0f64ad9c-e7c8-4934-8353-5755660e50f5,4,2,872698,false,2026-01-28T06:27:21.122Z,2026-01-28T06:27:21.122Z
1091,2e0701c4-c754-41c9-912b-761d983270f5,4,3,883015,false,2026-01-28T06:27:21.122Z,2026-01-28T06:27:21.122Z
1092,d4eed384-08d3-4f46-a50b-c71e0cc36cb9,4,1,114643,false,2026-01-28T06:27:21.122Z,2026-01-28T06:27:21.122Z
1093,1f15eceb-e83f-4ff3-a9c3-8ee56e115ece,4,2,275162,false,2026-01-28T06:27:21.122Z,2026-01-28T06:27:21.122Z
1094,880717a0-8150-4429-9eb6-84286739c65f,4,3,814539,false,2026-01-28T06:27:21.122Z,2026-01-28T06:27:21.122Z
1095,28b006ef-259a-45c5-9f21-5e739e036d37,4,1,280534,false,2026-01-28T06:27:21.122Z,2026-01-28T06:27:21.122Z
1096,ffd723a2-8a0f-47a4-92d8-796425f61d27,4,2,443907,false,2026-01-28T06:27:21.122Z,2026-01-28T06:27:21.122Z
1097,afb93eae-d1b4-4f54-b408-f90af9486300,4,3,307062,false,2026-01-28T06:27:21.122Z,2026-01-28T06:27:21.122Z
1098,a5bce104-1cc8-42db-9a21-63b78379da8c,4,1,659200,false,2026-01-28T06:27:21.123Z,2026-01-28T06:27:21.123Z
1099,7e122e2b-cc9d-400d-8711-89fd0aa5be88,4,2,131455,false,2026-01-28T06:27:21.123Z,2026-01-28T06:27:21.123Z
1100,d3329cd7-5203-47a6-9cca-44c63dab64ec,4,3,463019,false,2026-01-28T06:27:21.123Z,2026-01-28T06:27:21.123Z
1101,af827e06-c478-4dae-b41d-420584bec902,4,1,156938,false,2026-01-28T06:27:21.123Z,2026-01-28T06:27:21.123Z
1102,a17d26f6-241b-4336-a429-0c573722ac7c,4,2,512032,false,2026-01-28T06:27:21.123Z,2026-01-28T06:27:21.123Z
1103,952e3bf9-74fe-4dee-9f0d-d7fb3a3f0b8a,4,3,839240,false,2026-01-28T06:27:21.123Z,2026-01-28T06:27:21.123Z
1104,61388513-2c76-4fbc-9ba1-ba7394d7760f,4,1,053273,false,2026-01-28T06:27:21.123Z,2026-01-28T06:27:21.123Z
1105,a9d885ae-802e-4c9a-9c63-cdb7a74d2b06,4,2,375582,false,2026-01-28T06:27:21.123Z,2026-01-28T06:27:21.123Z
1106,eb2a704f-19b6-4ee3-af55-49d984ce5568,4,3,365572,false,2026-01-28T06:27:21.123Z,2026-01-28T06:27:21.123Z
1107,837e5a68-b36b-4b2c-8259-d4f31bbad204,4,1,092398,false,2026-01-28T06:27:21.123Z,2026-01-28T06:27:21.123Z
1108,07cde56d-32fc-4914-8dbf-e3d1cd6cc7f3,4,2,158402,false,2026-01-28T06:27:21.123Z,2026-01-28T06:27:21.123Z
1109,94e4c235-f493-4d3f-a1ee-32deb5ab8290,4,3,553207,false,2026-01-28T06:27:21.123Z,2026-01-28T06:27:21.123Z
1110,a42b982d-fc1d-40af-9129-8f6dd867b4f0,4,1,619162,false,2026-01-28T06:27:21.123Z,2026-01-28T06:27:21.123Z
1111,226f44fc-eae4-4470-86ae-551abdbd8930,4,2,970675,false,2026-01-28T06:27:21.123Z,2026-01-28T06:27:21.123Z
1112,89cafb47-a155-4c20-8961-64ba98959ebd,4,3,791560,false,2026-01-28T06:27:21.123Z,2026-01-28T06:27:21.123Z
1113,79868429-40a4-43c1-bb50-865274ad18ca,4,1,030007,false,2026-01-28T06:27:21.123Z,2026-01-28T06:27:21.123Z
1114,a070e646-7dc0-44c9-90d1-79c72f905b21,4,2,452944,false,2026-01-28T06:27:21.123Z,2026-01-28T06:27:21.123Z
1115,ac75a0a5-c43f-46bb-8c4c-fff8455ca3c6,4,3,109686,false,2026-01-28T06:27:21.123Z,2026-01-28T06:27:21.123Z
1116,71cff5dd-0db0-4c5b-a49d-95b403840197,4,1,103743,false,2026-01-28T06:27:21.123Z,2026-01-28T06:27:21.123Z
1117,8f6d2bcb-a9a9-412d-bde8-82ebc54b27c9,4,2,273546,false,2026-01-28T06:27:21.123Z,2026-01-28T06:27:21.123Z
1118,f8347b59-069e-4e6c-a735-5d9b1c97d204,4,3,719470,false,2026-01-28T06:27:21.123Z,2026-01-28T06:27:21.123Z
1119,549cc6dc-3f89-4bfc-a233-0c3c0637739e,4,1,437906,false,2026-01-28T06:27:21.123Z,2026-01-28T06:27:21.123Z
1120,60e79b7a-0ed1-4d81-aff8-ee1bc90b372d,4,2,153271,false,2026-01-28T06:27:21.123Z,2026-01-28T06:27:21.123Z
1121,cf7de8b9-f06d-4e98-8b41-d36accf66739,4,3,018314,false,2026-01-28T06:27:21.123Z,2026-01-28T06:27:21.123Z
1122,0435f80a-1112-4857-92f2-ab30ea00c11c,4,1,014363,false,2026-01-28T06:27:21.123Z,2026-01-28T06:27:21.123Z
1123,fcdb776a-6493-4224-9e51-8b6abeeb9224,4,2,317949,false,2026-01-28T06:27:21.123Z,2026-01-28T06:27:21.123Z
1124,9c464d1b-b35c-4d52-8b46-9772d68ac7ed,4,3,441339,false,2026-01-28T06:27:21.123Z,2026-01-28T06:27:21.123Z
1125,78a80fa1-a7c6-43da-ac4d-ce2f23eb0834,4,1,160799,false,2026-01-28T06:27:21.123Z,2026-01-28T06:27:21.123Z
1126,bd8ef440-12f5-4eb3-8225-03a07576e8cc,4,2,156533,false,2026-01-28T06:27:21.123Z,2026-01-28T06:27:21.123Z
1127,0ebfc2c7-f9fd-4c2a-b504-63366bb266df,4,3,459568,false,2026-01-28T06:27:21.123Z,2026-01-28T06:27:21.123Z
1128,5375e2fb-dd12-41b0-b554-8d74a99452b3,4,1,429459,false,2026-01-28T06:27:21.123Z,2026-01-28T06:27:21.123Z
1129,4bab6c4e-42a8-4b35-8012-5be5c635e087,4,2,495071,false,2026-01-28T06:27:21.123Z,2026-01-28T06:27:21.123Z
1130,6ef0dacd-d7c4-4e6b-97e2-0d48129f92d0,4,3,152127,false,2026-01-28T06:27:21.123Z,2026-01-28T06:27:21.123Z
1131,0bcafab3-33e3-4b97-89c6-57e4bf41845d,4,1,696128,false,2026-01-28T06:27:21.123Z,2026-01-28T06:27:21.123Z
1132,b285db99-8278-4ff3-af66-2bfab8a83dcb,4,2,558513,false,2026-01-28T06:27:21.123Z,2026-01-28T06:27:21.123Z
1133,5f1a89cd-af1e-4394-9636-f3ce69832875,4,3,978336,false,2026-01-28T06:27:21.123Z,2026-01-28T06:27:21.123Z
1134,1cb4590a-351c-4021-be17-0bbdd0718c6c,4,1,512671,false,2026-01-28T06:27:21.123Z,2026-01-28T06:27:21.123Z
1135,1a075d3f-7bd2-49b8-b813-7f347bccc957,4,2,668379,false,2026-01-28T06:27:21.123Z,2026-01-28T06:27:21.123Z
1136,f7d94acc-615e-4075-9ff5-de91d3079ee6,4,3,084951,false,2026-01-28T06:27:21.123Z,2026-01-28T06:27:21.123Z
1137,20e781be-44bf-4598-acb7-4641d8debbeb,4,1,973315,false,2026-01-28T06:27:21.123Z,2026-01-28T06:27:21.123Z
1138,a3c3308d-3b95-48ac-871a-9fb7214fbe6b,4,2,437314,false,2026-01-28T06:27:21.123Z,2026-01-28T06:27:21.123Z
1139,5a6d16fc-1dcb-4325-9fec-223a171611e6,4,3,591879,false,2026-01-28T06:27:21.123Z,2026-01-28T06:27:21.123Z
1140,42636569-97fb-491d-98c8-6f8eb8f2be2f,4,1,962637,false,2026-01-28T06:27:21.123Z,2026-01-28T06:27:21.123Z
1141,48fc16b7-ce74-4053-a822-a862fa5a7b5e,4,2,340871,false,2026-01-28T06:27:21.123Z,2026-01-28T06:27:21.123Z
1142,104b8747-743f-4757-a0ea-6cbcb779a577,4,3,064265,false,2026-01-28T06:27:21.123Z,2026-01-28T06:27:21.123Z
1143,fb2419dc-9c12-4efa-b196-a95c7b42a832,4,1,373418,false,2026-01-28T06:27:21.123Z,2026-01-28T06:27:21.123Z
1144,9208f237-4a41-45cc-9efb-f834aa18cab6,4,2,576361,false,2026-01-28T06:27:21.123Z,2026-01-28T06:27:21.123Z
1145,da358cb5-fb65-45ca-bf80-723928e78304,4,3,721514,false,2026-01-28T06:27:21.123Z,2026-01-28T06:27:21.123Z
1146,67832e32-05c9-4da0-a24d-0aa44df5e59a,4,1,091367,false,2026-01-28T06:27:21.124Z,2026-01-28T06:27:21.124Z
1147,c11ac9c0-7336-4ac0-b3fa-2e5824a7420f,4,2,574761,false,2026-01-28T06:27:21.124Z,2026-01-28T06:27:21.124Z
1148,050ed48a-bb93-480a-bd3b-ccb0fd289ac5,4,3,866962,false,2026-01-28T06:27:21.124Z,2026-01-28T06:27:21.124Z
1149,dca60acc-02f2-415b-891f-d4959295c2d4,4,1,900331,false,2026-01-28T06:27:21.124Z,2026-01-28T06:27:21.124Z
1150,6e4dd924-fcda-4914-aeba-296bc519dde7,4,2,475111,false,2026-01-28T06:27:21.124Z,2026-01-28T06:27:21.124Z
1151,b7ef7d59-a25e-40a0-b2c2-209ecf6063f4,4,3,428984,false,2026-01-28T06:27:21.124Z,2026-01-28T06:27:21.124Z
1152,cbef9969-4f86-4e56-8403-b7b806b3e8f6,4,1,567689,false,2026-01-28T06:27:21.124Z,2026-01-28T06:27:21.124Z
1153,f051bc96-6d04-4087-9517-6e01e0bebb83,4,2,455347,false,2026-01-28T06:27:21.124Z,2026-01-28T06:27:21.124Z
1154,7153fcb4-a573-481e-8960-905751efa439,4,3,355270,false,2026-01-28T06:27:21.124Z,2026-01-28T06:27:21.124Z
1155,f69d1ba4-61e1-495e-a557-619da53722e7,4,1,468209,false,2026-01-28T06:27:21.124Z,2026-01-28T06:27:21.124Z
1156,9b5fed71-e5d1-4046-9456-3c93633e9e37,4,2,306291,false,2026-01-28T06:27:21.124Z,2026-01-28T06:27:21.124Z
1157,1302c221-d1ff-4884-9eb9-49c7ab0c058a,4,3,009192,false,2026-01-28T06:27:21.124Z,2026-01-28T06:27:21.124Z
1158,8d74e551-f47a-4d91-9963-abfbc571e4e3,4,1,217581,false,2026-01-28T06:27:21.124Z,2026-01-28T06:27:21.124Z
1159,731ea182-5be0-4b46-9fec-a3564b7ac775,4,2,768269,false,2026-01-28T06:27:21.124Z,2026-01-28T06:27:21.124Z
1160,d09dd70a-6be7-4e1c-94e9-2953858bbec5,4,3,776403,false,2026-01-28T06:27:21.124Z,2026-01-28T06:27:21.124Z
1161,93b725f8-39a6-493d-85d0-25a30c025082,4,1,934605,false,2026-01-28T06:27:21.124Z,2026-01-28T06:27:21.124Z
1162,1f4a68a1-d4bf-4115-b871-35b5c73e1a4e,4,2,705034,false,2026-01-28T06:27:21.124Z,2026-01-28T06:27:21.124Z
1163,5917447d-5814-4361-b731-94b59dda3220,4,3,646320,false,2026-01-28T06:27:21.124Z,2026-01-28T06:27:21.124Z
1164,c38ab0cb-e77f-4055-a436-fcbb921a49d5,4,1,404712,false,2026-01-28T06:27:21.124Z,2026-01-28T06:27:21.124Z
1165,8f4a1d77-d59c-4a42-8439-227d4637eaa6,4,2,044139,false,2026-01-28T06:27:21.124Z,2026-01-28T06:27:21.124Z
1166,7831e066-2281-4490-9b6c-abf66eb1e501,4,3,882334,false,2026-01-28T06:27:21.124Z,2026-01-28T06:27:21.124Z
1167,d594597b-50fc-4c45-99c2-5849e8ee1111,4,1,581100,false,2026-01-28T06:27:21.124Z,2026-01-28T06:27:21.124Z
1168,b546dde6-22a3-404a-b781-2d5490944f89,4,2,679845,false,2026-01-28T06:27:21.124Z,2026-01-28T06:27:21.124Z
1169,e4afddb3-d15a-4a7f-b657-9f4461ce98f2,4,3,838151,false,2026-01-28T06:27:21.124Z,2026-01-28T06:27:21.124Z
1170,d23df2f0-7dcb-488b-9801-50ca7c4e46ad,4,1,300824,false,2026-01-28T06:27:21.124Z,2026-01-28T06:27:21.124Z
1171,bc36ba2a-7e62-4045-960f-56cd506ed386,4,2,722274,false,2026-01-28T06:27:21.124Z,2026-01-28T06:27:21.124Z
1172,f9e1eeff-a7f6-4640-9c0d-e6175fbbe382,4,3,652794,false,2026-01-28T06:27:21.124Z,2026-01-28T06:27:21.124Z
1173,309bbad4-0611-4b37-8a98-875f686c2952,4,1,378098,false,2026-01-28T06:27:21.124Z,2026-01-28T06:27:21.124Z
1174,1d27f944-a9c0-44e4-8030-e26cc6807edc,4,2,788781,false,2026-01-28T06:27:21.124Z,2026-01-28T06:27:21.124Z
1175,05ce4a68-dbd6-4bee-aaca-21c1d8e96e63,4,3,966770,false,2026-01-28T06:27:21.124Z,2026-01-28T06:27:21.124Z
1176,c1e0c912-9170-400b-adbe-f1a82435de18,4,1,398319,false,2026-01-28T06:27:21.124Z,2026-01-28T06:27:21.124Z
1177,01fff4be-0303-4b9d-9c74-49a9be579593,4,2,720367,false,2026-01-28T06:27:21.124Z,2026-01-28T06:27:21.124Z
1178,ed40cb01-9be3-42b3-b031-76adbb58aad4,4,3,036272,false,2026-01-28T06:27:21.124Z,2026-01-28T06:27:21.124Z
1179,a7d4f5a6-b9da-4b0b-bfe5-481367462e9a,4,1,347138,false,2026-01-28T06:27:21.124Z,2026-01-28T06:27:21.124Z
1180,ce1c41f8-eaa4-4ffe-808a-57f3acc81b83,4,2,532586,false,2026-01-28T06:27:21.124Z,2026-01-28T06:27:21.124Z
1181,59873f7d-5ede-4f72-a79f-435e41c8c4a0,4,3,057104,false,2026-01-28T06:27:21.124Z,2026-01-28T06:27:21.124Z
1182,df5d66f0-f508-4284-bfff-3a07e07d8e8b,4,1,269155,false,2026-01-28T06:27:21.124Z,2026-01-28T06:27:21.124Z
1183,4100cf51-b637-4133-8924-1c16fde845b6,4,2,658947,false,2026-01-28T06:27:21.124Z,2026-01-28T06:27:21.124Z
1184,786051d2-21e7-4625-a2ce-24ea3d1cf257,4,3,435644,false,2026-01-28T06:27:21.124Z,2026-01-28T06:27:21.124Z
1185,6584e985-1c9a-4864-8956-a8ede437bee9,4,1,794788,false,2026-01-28T06:27:21.125Z,2026-01-28T06:27:21.125Z
1186,a06f29a1-8656-469e-89ff-112cbc107a10,4,2,913909,false,2026-01-28T06:27:21.125Z,2026-01-28T06:27:21.125Z
1187,6e9e03a9-5934-4ae5-aed6-4fb56952237d,4,3,285628,false,2026-01-28T06:27:21.125Z,2026-01-28T06:27:21.125Z
1188,70933d92-9899-45e9-b50b-361a3cdc81ce,4,1,448724,false,2026-01-28T06:27:21.125Z,2026-01-28T06:27:21.125Z
1189,e2421ff1-8628-48ce-b037-56a8df653324,4,2,360594,false,2026-01-28T06:27:21.125Z,2026-01-28T06:27:21.125Z
1190,e0d3ea8d-85fb-4cf3-b464-c1655a148842,4,3,208397,false,2026-01-28T06:27:21.125Z,2026-01-28T06:27:21.125Z
1191,f607c568-c710-4b82-91ad-9b49c979f620,4,1,414582,false,2026-01-28T06:27:21.125Z,2026-01-28T06:27:21.125Z
1192,21bdfafa-b88d-4bc0-9684-aa2bc40e98bc,4,2,984939,false,2026-01-28T06:27:21.125Z,2026-01-28T06:27:21.125Z
1193,ee3bad38-2477-47c4-8558-263bb7a6258a,4,3,598856,false,2026-01-28T06:27:21.125Z,2026-01-28T06:27:21.125Z
1194,a516627e-f551-477e-b4af-2345602f7c73,4,1,319236,false,2026-01-28T06:27:21.125Z,2026-01-28T06:27:21.125Z
1195,4bfddfa7-12c1-49f3-b80c-fcdd4a74c31e,4,2,116693,false,2026-01-28T06:27:21.125Z,2026-01-28T06:27:21.125Z
1196,c31c83a6-2151-47ab-b56e-f72966ac29d0,4,3,587898,false,2026-01-28T06:27:21.125Z,2026-01-28T06:27:21.125Z
1197,db19e0a3-c475-47b5-b12f-943b339004c2,4,1,189750,false,2026-01-28T06:27:21.125Z,2026-01-28T06:27:21.125Z
1198,ec37753d-09da-4b81-b2a4-9aca254ae331,4,2,975382,false,2026-01-28T06:27:21.125Z,2026-01-28T06:27:21.125Z
1199,3348d265-872e-4646-8eac-66d81c06c339,4,3,496576,false,2026-01-28T06:27:21.125Z,2026-01-28T06:27:21.125Z
1200,33b3d282-8fae-4df5-b59a-5898277698e9,4,1,180394,false,2026-01-28T06:27:21.125Z,2026-01-28T06:27:21.125Z
1201,bf013b6a-ec26-4083-9fa0-c9c392ef0568,4,2,439232,false,2026-01-28T06:27:21.125Z,2026-01-28T06:27:21.125Z
1202,a8526f94-ee59-4bc7-93ad-f581a1e0ce56,4,3,209847,false,2026-01-28T06:27:21.125Z,2026-01-28T06:27:21.125Z
1203,facae67f-6533-41b2-9244-85d10110d3e4,4,1,422790,false,2026-01-28T06:27:21.125Z,2026-01-28T06:27:21.125Z
1204,bfc99457-c5c2-4af0-83e2-0a06307e9c3f,4,2,813205,false,2026-01-28T06:27:21.125Z,2026-01-28T06:27:21.125Z
1205,98676898-a5c4-45f6-9fef-23801b695558,4,3,702980,false,2026-01-28T06:27:21.125Z,2026-01-28T06:27:21.125Z
1206,9ad6e38b-8319-4bea-ab34-8ab397ec721c,4,1,587917,false,2026-01-28T06:27:21.125Z,2026-01-28T06:27:21.125Z
1207,ce4a1ac1-e992-4d6f-96a9-07d41800ce4c,4,2,884683,false,2026-01-28T06:27:21.125Z,2026-01-28T06:27:21.125Z
1208,b2858b49-feb2-43c6-b38e-198ffbc30fa0,4,3,178970,false,2026-01-28T06:27:21.125Z,2026-01-28T06:27:21.125Z
1209,344ffe00-3913-420a-9bac-3ba113a04ad9,4,1,412402,false,2026-01-28T06:27:21.125Z,2026-01-28T06:27:21.125Z
1210,14033f07-f901-4724-847b-cb53f02813f1,4,2,602482,false,2026-01-28T06:27:21.125Z,2026-01-28T06:27:21.125Z
1211,b42ac86f-c160-498d-836c-eb056e499f80,4,3,699083,false,2026-01-28T06:27:21.125Z,2026-01-28T06:27:21.125Z
1212,71793891-822f-4019-b9b4-94e582622ff7,4,1,428067,false,2026-01-28T06:27:21.125Z,2026-01-28T06:27:21.125Z
1213,b73ee589-b647-4dff-a8dd-3b0de53cef63,4,2,867381,false,2026-01-28T06:27:21.125Z,2026-01-28T06:27:21.125Z
1214,1f5a5af8-2235-4ca1-9d7d-e226fe0249bb,4,3,668405,false,2026-01-28T06:27:21.125Z,2026-01-28T06:27:21.125Z
1215,172f92c6-f431-465a-afed-630845f32126,4,1,311105,false,2026-01-28T06:27:21.125Z,2026-01-28T06:27:21.125Z
1216,6cbf5b1c-8bf5-4ebf-8e41-db4311ff6f68,4,2,502376,false,2026-01-28T06:27:21.125Z,2026-01-28T06:27:21.125Z
1217,38e31749-9709-4d7c-935c-62558936f050,4,3,515899,false,2026-01-28T06:27:21.125Z,2026-01-28T06:27:21.125Z
1218,04b2953f-a38b-41b8-b14f-6506137a467f,4,1,361831,false,2026-01-28T06:27:21.125Z,2026-01-28T06:27:21.125Z
1219,50e99654-40c8-4dba-a69f-a790ca6287cc,4,2,603777,false,2026-01-28T06:27:21.125Z,2026-01-28T06:27:21.125Z
1220,ead43ef7-f48b-4087-9075-f80e21e38293,4,3,585844,false,2026-01-28T06:27:21.125Z,2026-01-28T06:27:21.125Z
1221,d8d45a97-72df-4538-bde8-f29baad93cee,4,1,771782,false,2026-01-28T06:27:21.125Z,2026-01-28T06:27:21.125Z
1222,7ce263fd-dfd1-460f-85c1-e2c915c7e461,4,2,327844,false,2026-01-28T06:27:21.125Z,2026-01-28T06:27:21.125Z
1223,1d8676db-0031-4135-8395-981b5c197f0f,4,3,185844,false,2026-01-28T06:27:21.125Z,2026-01-28T06:27:21.125Z
1224,91465003-6bb3-4652-ba4a-2f2e8da55050,4,1,332504,false,2026-01-28T06:27:21.125Z,2026-01-28T06:27:21.125Z
1225,157f5535-82b1-405d-8743-4538d4e86c72,4,2,753107,false,2026-01-28T06:27:21.125Z,2026-01-28T06:27:21.125Z
1226,3b287516-5200-418f-b3cf-ecea47b7af21,4,3,611827,false,2026-01-28T06:27:21.125Z,2026-01-28T06:27:21.125Z
1227,f54706e3-9dd7-4db7-9604-61c435575c2a,4,1,532885,false,2026-01-28T06:27:21.125Z,2026-01-28T06:27:21.125Z
1228,3f88b543-fee9-4350-971a-62cf7e232457,4,2,380714,false,2026-01-28T06:27:21.125Z,2026-01-28T06:27:21.125Z
1229,b72b204c-c797-4315-a91f-c1f38ef35061,4,3,189676,false,2026-01-28T06:27:21.125Z,2026-01-28T06:27:21.125Z
1230,d716fc11-ed91-4c00-b1a4-f6a6b1a678cf,4,1,037427,false,2026-01-28T06:27:21.125Z,2026-01-28T06:27:21.125Z
1231,f8b3d153-cf64-4115-970e-96965ce4d5f3,4,2,368410,false,2026-01-28T06:27:21.125Z,2026-01-28T06:27:21.125Z
1232,995cf6ce-d540-4852-b787-3b5b000b632d,4,3,145601,false,2026-01-28T06:27:21.125Z,2026-01-28T06:27:21.125Z
1233,ecaecb6c-483c-44b2-adb9-1802de013c70,4,1,924498,false,2026-01-28T06:27:21.126Z,2026-01-28T06:27:21.126Z
1234,a89880bc-1a37-476c-b662-2212e470e6d9,4,2,863123,false,2026-01-28T06:27:21.126Z,2026-01-28T06:27:21.126Z
1235,8fccb936-c155-480f-a9ca-e51ed9cc50f8,4,3,762019,false,2026-01-28T06:27:21.126Z,2026-01-28T06:27:21.126Z
1236,6ba63d04-f4bd-4617-91a2-7cb39bd5f88e,4,1,376500,false,2026-01-28T06:27:21.126Z,2026-01-28T06:27:21.126Z
1237,463c312f-a52f-4842-8fde-43ce4d68698a,4,2,874709,false,2026-01-28T06:27:21.126Z,2026-01-28T06:27:21.126Z
1238,613440b7-cbc3-4abe-9b56-792ef5a9f13b,4,3,020961,false,2026-01-28T06:27:21.126Z,2026-01-28T06:27:21.126Z
1239,554f5e80-48ab-4141-b6f1-aac5ca4d05e8,4,1,291899,false,2026-01-28T06:27:21.126Z,2026-01-28T06:27:21.126Z
1240,973c89e6-e1cb-4f5b-aa7b-5f6999764dbb,4,2,872785,false,2026-01-28T06:27:21.126Z,2026-01-28T06:27:21.126Z
1241,4a249d16-c6f0-4d0d-acf0-ee69316e7a28,4,3,584647,false,2026-01-28T06:27:21.126Z,2026-01-28T06:27:21.126Z
1242,7faa8157-44bd-41cf-b75e-59461756d9a8,4,1,834608,false,2026-01-28T06:27:21.126Z,2026-01-28T06:27:21.126Z
1243,168d97ed-c8ad-4741-9b19-d45d12aa738c,4,2,901500,false,2026-01-28T06:27:21.126Z,2026-01-28T06:27:21.126Z
1244,3baafc4c-bc74-4d79-abdd-a81e69589168,4,3,038944,false,2026-01-28T06:27:21.126Z,2026-01-28T06:27:21.126Z
1245,b944be7f-e3b4-45c0-ad1a-71067638d26e,4,1,411412,false,2026-01-28T06:27:21.126Z,2026-01-28T06:27:21.126Z
1246,0c4140df-feb6-496f-a712-ef5f54dea1f3,4,2,551066,false,2026-01-28T06:27:21.126Z,2026-01-28T06:27:21.126Z
1247,a9d11a8b-1234-444d-8787-dcd190e5cd4d,4,3,897171,false,2026-01-28T06:27:21.126Z,2026-01-28T06:27:21.126Z
1248,e0ac5f43-ebf5-4b01-9257-5238b1ae83b3,4,1,664578,false,2026-01-28T06:27:21.126Z,2026-01-28T06:27:21.126Z
1249,500c0f86-11ee-4a55-aab3-8263b40c4306,4,2,964886,false,2026-01-28T06:27:21.126Z,2026-01-28T06:27:21.126Z
1250,a3159631-06c5-4db2-ab39-3dc815d2f685,4,3,723103,false,2026-01-28T06:27:21.126Z,2026-01-28T06:27:21.126Z
1251,5b740bf5-8d33-46bd-9a08-c071f04b3a29,4,1,141696,false,2026-01-28T06:27:21.126Z,2026-01-28T06:27:21.126Z
1252,b85ead53-e27c-446f-9ae3-f4ff064d9caf,4,2,665083,false,2026-01-28T06:27:21.126Z,2026-01-28T06:27:21.126Z
1253,c370d65f-cc2d-4a4c-8432-89c67f9c1fc0,4,3,904491,false,2026-01-28T06:27:21.126Z,2026-01-28T06:27:21.126Z
1254,0fc58ca9-77b0-4080-a5aa-be8d530fecf4,4,1,898002,false,2026-01-28T06:27:21.126Z,2026-01-28T06:27:21.126Z
1255,629ef7aa-2397-4c51-97c2-7f8e8c5093f9,4,2,614413,false,2026-01-28T06:27:21.126Z,2026-01-28T06:27:21.126Z
1256,a8d80c84-eacd-4872-9d24-b8db1ec4ad1a,4,3,583052,false,2026-01-28T06:27:21.126Z,2026-01-28T06:27:21.126Z
1257,2f47f8a5-117b-494a-9c83-b49ff01d3090,4,1,596666,false,2026-01-28T06:27:21.126Z,2026-01-28T06:27:21.126Z
1258,3d6f8d22-25fb-447e-878c-c524b86aca11,4,2,574709,false,2026-01-28T06:27:21.126Z,2026-01-28T06:27:21.126Z
1259,b8880e8e-67c6-43b9-9e65-cb2f81818f7b,4,3,182904,false,2026-01-28T06:27:21.126Z,2026-01-28T06:27:21.126Z
1260,ce0e2d42-8ccf-4ed6-b62a-54a7b781c8d3,4,1,698691,false,2026-01-28T06:27:21.126Z,2026-01-28T06:27:21.126Z
1261,57fb69a0-c3a7-46e5-8b79-dade144fc58c,4,2,131502,false,2026-01-28T06:27:21.126Z,2026-01-28T06:27:21.126Z
1262,c0ad9152-24f7-4487-a6aa-7f884b28776c,4,3,869315,false,2026-01-28T06:27:21.126Z,2026-01-28T06:27:21.126Z
1263,de8942d8-b56f-4221-a5f6-7c3d745cc1df,4,1,130516,false,2026-01-28T06:27:21.126Z,2026-01-28T06:27:21.126Z
1264,20d7cac4-0d9d-4c7f-b3c6-cc29b671ba1e,4,2,444459,false,2026-01-28T06:27:21.126Z,2026-01-28T06:27:21.126Z
1265,b0b76fbe-d7e0-4b90-97d1-a906e83d397d,4,3,412731,false,2026-01-28T06:27:21.126Z,2026-01-28T06:27:21.126Z
1266,8be3695d-e777-4279-8b7f-ecdb29cc0d11,4,1,858027,false,2026-01-28T06:27:21.126Z,2026-01-28T06:27:21.126Z
1267,2e2e87b4-33d0-4b7f-bfd6-2df8652af6fd,4,2,230121,false,2026-01-28T06:27:21.126Z,2026-01-28T06:27:21.126Z
1268,2e220875-eebb-4a54-ba60-043f0907e0d3,4,3,577002,false,2026-01-28T06:27:21.126Z,2026-01-28T06:27:21.126Z
1269,93f1ad09-ce4b-4ed2-96bd-387ddf24254c,4,1,823748,false,2026-01-28T06:27:21.126Z,2026-01-28T06:27:21.126Z
1270,7c7c565e-7abe-4974-8298-8eb8c527937a,4,2,692891,false,2026-01-28T06:27:21.126Z,2026-01-28T06:27:21.126Z
1271,e64cf1e2-df81-4498-880a-1586ad00c99b,4,3,873801,false,2026-01-28T06:27:21.126Z,2026-01-28T06:27:21.126Z
1272,5fa41c6c-4dfd-4771-8b38-ae76de5ca7e7,4,1,689522,false,2026-01-28T06:27:21.126Z,2026-01-28T06:27:21.126Z
1273,762c31de-c32b-44cb-9799-086d363855b7,4,2,565005,false,2026-01-28T06:27:21.126Z,2026-01-28T06:27:21.126Z
1274,1f0fbf34-3baa-484a-ace3-63e45383cb92,4,3,250978,false,2026-01-28T06:27:21.126Z,2026-01-28T06:27:21.126Z
1275,331b5c9a-6187-419b-b317-7230b485344b,4,1,455742,false,2026-01-28T06:27:21.126Z,2026-01-28T06:27:21.126Z
1276,93a8ec97-32dd-4025-865c-a023a92f973b,4,2,341239,false,2026-01-28T06:27:21.126Z,2026-01-28T06:27:21.126Z
1277,19454565-08d8-48f3-9f5a-1069672a483a,4,3,175162,false,2026-01-28T06:27:21.126Z,2026-01-28T06:27:21.126Z
1278,3568dc62-4fd5-487c-b65e-cbdcb0d8babe,4,1,615630,false,2026-01-28T06:27:21.126Z,2026-01-28T06:27:21.126Z
1279,57cf6759-b94d-4cb0-b947-678e44cbe743,4,2,608068,false,2026-01-28T06:27:21.126Z,2026-01-28T06:27:21.126Z
1280,6c49a7ad-b426-4dd9-881f-403f78f9a484,4,3,027572,false,2026-01-28T06:27:21.126Z,2026-01-28T06:27:21.126Z
1281,4b73a0c6-13e7-498e-9bb8-82dabf063a4a,4,1,577360,false,2026-01-28T06:27:21.126Z,2026-01-28T06:27:21.126Z
1282,acacc155-3de1-4b64-aee9-4aa4f3218039,4,2,652646,false,2026-01-28T06:27:21.126Z,2026-01-28T06:27:21.126Z
1283,c469e8cc-5da1-4937-81f8-a35b30d62f45,4,3,793116,false,2026-01-28T06:27:21.126Z,2026-01-28T06:27:21.126Z
1284,34fe4d3a-0270-490f-8f9e-850b22bc04f4,4,1,009478,false,2026-01-28T06:27:21.126Z,2026-01-28T06:27:21.126Z
1285,e238bd25-ee91-462c-a11f-eac6e2f6d2c8,4,2,518352,false,2026-01-28T06:27:21.126Z,2026-01-28T06:27:21.126Z
1286,82b9ae20-7296-4716-8d6f-f12fd81033de,4,3,267333,false,2026-01-28T06:27:21.126Z,2026-01-28T06:27:21.126Z
1287,a7166105-2cf6-4ae3-93df-3c44be74b900,4,1,590238,false,2026-01-28T06:27:21.126Z,2026-01-28T06:27:21.126Z
1288,d49e1e66-855c-4124-b5a9-29eac01c75ae,4,2,316409,false,2026-01-28T06:27:21.127Z,2026-01-28T06:27:21.127Z
1289,5ad54031-9471-48da-a298-2725c7328acf,4,3,393441,false,2026-01-28T06:27:21.127Z,2026-01-28T06:27:21.127Z
1290,76304e96-aa6c-41d6-a464-fd2a9334c0bf,4,1,369950,false,2026-01-28T06:27:21.127Z,2026-01-28T06:27:21.127Z
1291,872b632d-7600-4975-8864-2e679cc0be53,4,2,036058,false,2026-01-28T06:27:21.127Z,2026-01-28T06:27:21.127Z
1292,d6701362-deb1-40e2-91b7-2f31f2dbfd93,4,3,225622,false,2026-01-28T06:27:21.127Z,2026-01-28T06:27:21.127Z
1293,9a455481-2814-4734-81bb-b79d249a236b,4,1,853873,false,2026-01-28T06:27:21.127Z,2026-01-28T06:27:21.127Z
1294,191e2830-d09f-4c3a-abf6-d3c3ea0dfc0c,4,2,645918,false,2026-01-28T06:27:21.127Z,2026-01-28T06:27:21.127Z
1295,691d2d50-1688-44b1-8cfd-78ad74b81496,4,3,337465,false,2026-01-28T06:27:21.127Z,2026-01-28T06:27:21.127Z
1296,e20d1d8e-ff86-4861-94e5-cff9fec580ed,4,1,760123,false,2026-01-28T06:27:21.127Z,2026-01-28T06:27:21.127Z
1297,05b1b420-cf7b-4ebf-8e08-ea97fc026e28,4,2,196200,false,2026-01-28T06:27:21.127Z,2026-01-28T06:27:21.127Z
1298,02377858-c734-49d3-b1a5-6716f34f9abf,4,3,520806,false,2026-01-28T06:27:21.127Z,2026-01-28T06:27:21.127Z
1299,78cac835-d806-4c80-a69a-0e0699f0c716,4,1,801269,false,2026-01-28T06:27:21.127Z,2026-01-28T06:27:21.127Z
1300,74860f01-6bda-40db-9812-35596506fd3a,4,2,243356,false,2026-01-28T06:27:21.127Z,2026-01-28T06:27:21.127Z
1301,0f6c6d42-649c-4e69-b8dd-eed14430eb84,4,3,188679,false,2026-01-28T06:27:21.127Z,2026-01-28T06:27:21.127Z
1302,e8a0b208-d236-4f38-8eff-eac968b4620b,4,1,068078,false,2026-01-28T06:27:21.127Z,2026-01-28T06:27:21.127Z
1303,8828c620-4940-4ed7-8729-af8197078ea1,4,2,872842,false,2026-01-28T06:27:21.127Z,2026-01-28T06:27:21.127Z
1304,f148be5b-d4bd-46f7-bb6f-c19b00ab3ccc,4,3,167703,false,2026-01-28T06:27:21.127Z,2026-01-28T06:27:21.127Z
1305,ea73505d-a497-4653-8723-b69ede3a88c2,4,1,482592,false,2026-01-28T06:27:21.127Z,2026-01-28T06:27:21.127Z
1306,778d7c3d-8631-4014-a757-f9454158dadd,4,2,426943,false,2026-01-28T06:27:21.127Z,2026-01-28T06:27:21.127Z
1307,31a7f405-dba6-4e11-9af5-1536d3879532,4,3,359874,false,2026-01-28T06:27:21.127Z,2026-01-28T06:27:21.127Z
1308,16e3eba8-0688-4a26-b41e-936b7f85fe54,4,1,505183,false,2026-01-28T06:27:21.127Z,2026-01-28T06:27:21.127Z
1309,a38ae69d-56a0-4d37-9732-12ffd3f7442d,4,2,766900,false,2026-01-28T06:27:21.127Z,2026-01-28T06:27:21.127Z
1310,75033824-5467-48ba-baa3-20e5d9f59962,4,3,790962,false,2026-01-28T06:27:21.127Z,2026-01-28T06:27:21.127Z
1311,fa9365f7-78a8-407d-a59b-6b2d1da98335,4,1,872760,false,2026-01-28T06:27:21.127Z,2026-01-28T06:27:21.127Z
1312,8cfa0176-d453-46b8-bae1-d91d4d56033f,4,2,165426,false,2026-01-28T06:27:21.127Z,2026-01-28T06:27:21.127Z
1313,2550cab2-8e65-4459-9308-e281186bc904,4,3,428095,false,2026-01-28T06:27:21.127Z,2026-01-28T06:27:21.127Z
1314,77907a9b-6dfa-4baa-9278-b66cc44bb98a,4,1,208563,false,2026-01-28T06:27:21.127Z,2026-01-28T06:27:21.127Z
1315,a9e37a47-7ffd-44d4-83c4-c15a1ce23928,4,2,267090,false,2026-01-28T06:27:21.127Z,2026-01-28T06:27:21.127Z
1316,ddad0fa4-6f83-45d2-b7e1-1ec6073dae4e,4,3,976755,false,2026-01-28T06:27:21.127Z,2026-01-28T06:27:21.127Z
1317,d859330b-a16c-4265-8733-5aa0f2bcdb34,4,1,897162,false,2026-01-28T06:27:21.127Z,2026-01-28T06:27:21.127Z
1318,fbc71324-3dcf-423d-8297-fdccbf4be0e4,4,2,276461,false,2026-01-28T06:27:21.127Z,2026-01-28T06:27:21.127Z
1319,ba3541d2-46d7-4b8f-b757-fc4daa096c9f,4,3,202249,false,2026-01-28T06:27:21.127Z,2026-01-28T06:27:21.127Z
1320,c6d9f608-2933-48b9-80de-3ac23d3727a8,4,1,939043,false,2026-01-28T06:27:21.127Z,2026-01-28T06:27:21.127Z
1321,4c3ab2c7-e771-435a-bfa6-e0ab0097c391,4,2,213420,false,2026-01-28T06:27:21.127Z,2026-01-28T06:27:21.127Z
1322,8dc1a993-3020-444d-b683-533fc83ef1ab,4,3,440693,false,2026-01-28T06:27:21.127Z,2026-01-28T06:27:21.127Z
1323,d2cdcac4-915a-4270-9764-dd9e321598c4,4,1,600681,false,2026-01-28T06:27:21.127Z,2026-01-28T06:27:21.127Z
1324,20028fb5-346b-49c8-bfa1-da0635200614,4,2,133981,false,2026-01-28T06:27:21.127Z,2026-01-28T06:27:21.127Z
1325,9e2a8c16-b9f5-40e5-a29f-9221f18e4068,4,3,544732,false,2026-01-28T06:27:21.127Z,2026-01-28T06:27:21.127Z
1326,13da70d2-f749-46c6-a6ee-7459ef861f1b,4,1,605214,false,2026-01-28T06:27:21.127Z,2026-01-28T06:27:21.127Z
1327,48bf3b71-50f2-427b-95d2-13a6d24ca03b,4,2,522064,false,2026-01-28T06:27:21.127Z,2026-01-28T06:27:21.127Z
1328,6db32386-ccd7-446b-83a8-34cb772b5d34,4,3,999476,false,2026-01-28T06:27:21.127Z,2026-01-28T06:27:21.127Z
1329,5e534a03-0876-4ce7-90e4-f352a2d4e727,4,1,351148,false,2026-01-28T06:27:21.127Z,2026-01-28T06:27:21.127Z
1330,8fae67ce-a67b-4163-8101-03e5c62f0e42,4,2,170515,false,2026-01-28T06:27:21.127Z,2026-01-28T06:27:21.127Z
1331,b2c4eb88-3366-469e-9007-90afc2aa70aa,4,3,980861,false,2026-01-28T06:27:21.127Z,2026-01-28T06:27:21.127Z
1332,686d800c-fd30-4de5-936a-f727f99000d1,4,1,337484,false,2026-01-28T06:27:21.127Z,2026-01-28T06:27:21.127Z
1333,e0fbd75a-3ff7-4890-8214-2e176009744f,4,2,110559,false,2026-01-28T06:27:21.128Z,2026-01-28T06:27:21.128Z
1334,489b13e0-a489-4260-ab26-8373be677bd5,4,3,557116,false,2026-01-28T06:27:21.128Z,2026-01-28T06:27:21.128Z
1335,e0aad0f6-89b1-4166-a571-27f27df17bb2,4,1,688134,false,2026-01-28T06:27:21.128Z,2026-01-28T06:27:21.128Z
1336,69ade0d5-677f-4ffa-b5ee-34fdbd1a004a,4,2,711364,false,2026-01-28T06:27:21.128Z,2026-01-28T06:27:21.128Z
1337,be0daf36-e636-40f1-9ccc-83e1603e7970,4,3,765155,false,2026-01-28T06:27:21.128Z,2026-01-28T06:27:21.128Z
1338,8ea26db1-8083-427c-8347-ee159f59e807,4,1,160680,false,2026-01-28T06:27:21.128Z,2026-01-28T06:27:21.128Z
1339,5eb24bf4-1bd2-412d-9724-1f2a44f581bc,4,2,709979,false,2026-01-28T06:27:21.128Z,2026-01-28T06:27:21.128Z
1340,194da18a-fe2e-48b9-8286-1a5a9cb43c30,4,3,328751,false,2026-01-28T06:27:21.128Z,2026-01-28T06:27:21.128Z
1341,fce6dcf8-0fc6-4f33-9d2a-74b3ce40f4cf,4,1,374776,false,2026-01-28T06:27:21.128Z,2026-01-28T06:27:21.128Z
1342,a3a00207-548d-4623-bbae-0611f544991a,4,2,392823,false,2026-01-28T06:27:21.128Z,2026-01-28T06:27:21.128Z
1343,7d58a8bd-99b5-4939-a5ff-767a2d039695,4,3,418903,false,2026-01-28T06:27:21.128Z,2026-01-28T06:27:21.128Z
1344,04c6b18a-699f-44f0-b71d-c041d47e1b75,4,1,643548,false,2026-01-28T06:27:21.128Z,2026-01-28T06:27:21.128Z
1345,8816fb26-c075-4aef-8604-6a1524e8ed81,4,2,062059,false,2026-01-28T06:27:21.128Z,2026-01-28T06:27:21.128Z
1346,f1b325ee-012e-4df4-ba3c-3d229fffab30,4,3,367130,false,2026-01-28T06:27:21.128Z,2026-01-28T06:27:21.128Z
1347,1cf24837-07d9-4e9f-8ac3-44a656c85bef,4,1,980436,false,2026-01-28T06:27:21.128Z,2026-01-28T06:27:21.128Z
1348,5fa4c753-c06e-45dc-8324-5a55d12fd11d,4,2,819237,false,2026-01-28T06:27:21.128Z,2026-01-28T06:27:21.128Z
1349,53d31303-3c84-48c1-b694-257fa70fbede,4,3,792672,false,2026-01-28T06:27:21.128Z,2026-01-28T06:27:21.128Z
1350,1392f87a-d4a2-4b39-83a3-8b85cd46b006,4,1,740256,false,2026-01-28T06:27:21.128Z,2026-01-28T06:27:21.128Z
1351,e8f566d7-5b73-4c88-a26c-3c79d564c911,4,2,867868,false,2026-01-28T06:27:21.128Z,2026-01-28T06:27:21.128Z
1352,c32243b0-d80a-453c-9ef6-32cef3e4ccc3,4,3,538565,false,2026-01-28T06:27:21.128Z,2026-01-28T06:27:21.128Z
1353,6e11e745-3679-4b7b-a764-527948a85284,4,1,583271,false,2026-01-28T06:27:21.128Z,2026-01-28T06:27:21.128Z
1354,6f6d6531-40f5-4ed1-92e7-2280f195eee2,4,2,823242,false,2026-01-28T06:27:21.128Z,2026-01-28T06:27:21.128Z
1355,e529bdf5-72f1-4ba8-b803-83142e79e4a7,4,3,573720,false,2026-01-28T06:27:21.128Z,2026-01-28T06:27:21.128Z
1356,13c084da-c3ef-4112-adae-2491ccb23081,4,1,343040,false,2026-01-28T06:27:21.128Z,2026-01-28T06:27:21.128Z
1357,d072e26a-f62d-4086-bd07-a934997a84cd,4,2,410142,false,2026-01-28T06:27:21.128Z,2026-01-28T06:27:21.128Z
1358,82eafb00-46ab-48bc-bd49-b7ef66212519,4,3,776836,false,2026-01-28T06:27:21.128Z,2026-01-28T06:27:21.128Z
1359,95686de1-edc3-44e9-8143-33e4351aa2a0,4,1,847081,false,2026-01-28T06:27:21.128Z,2026-01-28T06:27:21.128Z
1360,ee1d815c-7415-49ad-b971-efc5af31d228,4,2,874854,false,2026-01-28T06:27:21.128Z,2026-01-28T06:27:21.128Z
1361,2646c0dc-3754-46f8-8419-eae91db0fdf6,4,3,256735,false,2026-01-28T06:27:21.128Z,2026-01-28T06:27:21.128Z
1362,fd49bf32-6c11-4f44-93c2-964914460d8f,4,1,119481,false,2026-01-28T06:27:21.128Z,2026-01-28T06:27:21.128Z
1363,65d45449-363a-4b9b-bad2-d2e6bce38642,4,2,917378,false,2026-01-28T06:27:21.128Z,2026-01-28T06:27:21.128Z
1364,684f72c3-773c-45a9-9c2f-ee741aec863a,4,3,080441,false,2026-01-28T06:27:21.128Z,2026-01-28T06:27:21.128Z
1365,9a9ad942-245b-46c7-a791-4d3de3ddbf01,4,1,654613,false,2026-01-28T06:27:21.128Z,2026-01-28T06:27:21.128Z
1366,af670cc5-bc92-482a-8868-aaa8b86dc255,4,2,603990,false,2026-01-28T06:27:21.128Z,2026-01-28T06:27:21.128Z
1367,75b326b0-a142-4f2b-abc8-64a6935c58a7,4,3,977494,false,2026-01-28T06:27:21.128Z,2026-01-28T06:27:21.128Z
1368,39e525a5-b87d-489d-97b1-b28cb3f64528,4,1,847062,false,2026-01-28T06:27:21.128Z,2026-01-28T06:27:21.128Z
1369,a27a8e6f-97e9-40bf-b3db-07afcec63a3f,4,2,107417,false,2026-01-28T06:27:21.128Z,2026-01-28T06:27:21.128Z
1370,c836486b-f8dd-4fa3-a43c-d808b4bf001c,4,3,017241,false,2026-01-28T06:27:21.128Z,2026-01-28T06:27:21.128Z
1371,39acddc4-2320-49f0-b148-6f23e59728f4,4,1,779543,false,2026-01-28T06:27:21.128Z,2026-01-28T06:27:21.128Z
1372,22171d8a-e8fa-471d-9f02-2996e6dbb0cf,4,2,730645,false,2026-01-28T06:27:21.128Z,2026-01-28T06:27:21.128Z
1373,a87a2248-d3ae-4e8a-87ab-a62534982d95,4,3,865836,false,2026-01-28T06:27:21.128Z,2026-01-28T06:27:21.128Z
1374,74373780-a3da-4fde-9081-59045f1a736d,4,1,094899,false,2026-01-28T06:27:21.128Z,2026-01-28T06:27:21.128Z
1375,ec5dc1b0-8edb-43be-b619-ac9f5168a6a2,4,2,733399,false,2026-01-28T06:27:21.128Z,2026-01-28T06:27:21.128Z
1376,691b6bef-342b-475e-ad60-83b8f9faf034,4,3,916824,false,2026-01-28T06:27:21.128Z,2026-01-28T06:27:21.128Z
1377,460b9726-58f9-4326-a03f-f3b797890a05,4,1,217884,false,2026-01-28T06:27:21.128Z,2026-01-28T06:27:21.128Z
1378,64b349d6-fa6f-4764-9c65-a791d08b04db,4,2,288645,false,2026-01-28T06:27:21.128Z,2026-01-28T06:27:21.128Z
1379,8e65cbe0-5660-4aa9-8e2f-4b688621b837,4,3,955944,false,2026-01-28T06:27:21.128Z,2026-01-28T06:27:21.128Z
1380,eace2dee-a3fc-4670-8f57-841fe62f3583,4,1,275145,false,2026-01-28T06:27:21.128Z,2026-01-28T06:27:21.128Z
1381,4c103828-6264-4a4d-b5c4-71eca82aa3e4,4,2,604727,false,2026-01-28T06:27:21.128Z,2026-01-28T06:27:21.128Z
1382,8a8ace74-1fc0-4d22-9cd5-ec96b243511a,4,3,169341,false,2026-01-28T06:27:21.128Z,2026-01-28T06:27:21.128Z
1383,6e203924-3bf5-4f80-8951-637a29b0b106,4,1,271418,false,2026-01-28T06:27:21.128Z,2026-01-28T06:27:21.128Z
1384,0e729ac6-5b5e-414f-ab57-086ca086eb0b,4,2,561651,false,2026-01-28T06:27:21.128Z,2026-01-28T06:27:21.128Z
1385,0fd255c8-e244-473d-a891-235a873ab21d,4,3,945462,false,2026-01-28T06:27:21.128Z,2026-01-28T06:27:21.128Z
1386,31c1a108-19c2-4925-a3da-40f83de64a0f,4,1,387772,false,2026-01-28T06:27:21.128Z,2026-01-28T06:27:21.128Z
1387,a7323295-fb16-4fb3-ad6c-4636734de0f7,4,2,559299,false,2026-01-28T06:27:21.128Z,2026-01-28T06:27:21.128Z
1388,7a26a932-1c06-4eb7-875c-14e2832d18eb,4,3,498672,false,2026-01-28T06:27:21.129Z,2026-01-28T06:27:21.129Z
1389,588184cd-4875-4387-b847-392d64bc8150,4,1,752745,false,2026-01-28T06:27:21.129Z,2026-01-28T06:27:21.129Z
1390,cbeedd88-ff7c-4bed-a544-513981d453df,4,2,137138,false,2026-01-28T06:27:21.129Z,2026-01-28T06:27:21.129Z
1391,32d15deb-1820-41e6-9389-eaa8f849daa2,4,3,981213,false,2026-01-28T06:27:21.129Z,2026-01-28T06:27:21.129Z
1392,54e5fad8-e3c7-423c-ba42-7fb47f49dddf,4,1,201279,false,2026-01-28T06:27:21.129Z,2026-01-28T06:27:21.129Z
1393,7edd914e-c651-4dbd-be08-60aeac46e438,4,2,030766,false,2026-01-28T06:27:21.129Z,2026-01-28T06:27:21.129Z
1394,d4b61383-e59b-45ce-805a-96c6009ed527,4,3,285769,false,2026-01-28T06:27:21.129Z,2026-01-28T06:27:21.129Z
1395,87fe2374-0b33-4d1d-9255-961c680006e9,4,1,584686,false,2026-01-28T06:27:21.129Z,2026-01-28T06:27:21.129Z
1396,aa9d9f88-363a-4901-9b82-b98c67692972,4,2,763624,false,2026-01-28T06:27:21.129Z,2026-01-28T06:27:21.129Z
1397,5f9373a8-ff5b-470d-91c1-950c9d679b01,4,3,209527,false,2026-01-28T06:27:21.129Z,2026-01-28T06:27:21.129Z
1398,6525c0aa-754f-4771-954b-5cda84386f15,4,1,410909,false,2026-01-28T06:27:21.129Z,2026-01-28T06:27:21.129Z
1399,cf39fb34-46b5-4adb-9f5e-9c96ad1b4f1b,4,2,626951,false,2026-01-28T06:27:21.129Z,2026-01-28T06:27:21.129Z
1400,7faef102-faec-4df5-8c4c-de7ae8247d06,4,3,768441,false,2026-01-28T06:27:21.129Z,2026-01-28T06:27:21.129Z
1401,fd54df9d-6843-4a1e-a006-e25db33f4f1f,4,1,165168,false,2026-01-28T06:27:21.129Z,2026-01-28T06:27:21.129Z
1402,6f3535fd-0dca-4359-be16-f0a6e9cffef9,4,2,530912,false,2026-01-28T06:27:21.129Z,2026-01-28T06:27:21.129Z
1403,58dba3c7-3c60-44b2-8a00-57a6efdc7a59,4,3,737592,false,2026-01-28T06:27:21.129Z,2026-01-28T06:27:21.129Z
1404,c9e17a62-daed-4228-9db2-0ca6ba4e9e02,4,1,796165,false,2026-01-28T06:27:21.129Z,2026-01-28T06:27:21.129Z
1405,08d67fcd-bdee-4435-a1b1-a828ff0aa586,4,2,126872,false,2026-01-28T06:27:21.129Z,2026-01-28T06:27:21.129Z
1406,0b1a233b-a45e-4144-a31d-64b8322cd0b7,4,3,394913,false,2026-01-28T06:27:21.129Z,2026-01-28T06:27:21.129Z
1407,29524f65-5088-423a-9ec5-b7f0c1d47ad1,4,1,948611,false,2026-01-28T06:27:21.129Z,2026-01-28T06:27:21.129Z
1408,fab6f638-8eec-4c90-8519-32eabec7e3ba,4,2,663345,false,2026-01-28T06:27:21.129Z,2026-01-28T06:27:21.129Z
1409,46b6cdd8-b4ac-45e8-bde2-7f74ebd4ce39,4,3,855192,false,2026-01-28T06:27:21.129Z,2026-01-28T06:27:21.129Z
1410,a657f43e-3f56-4492-826c-ef3c4886af5e,4,1,902143,false,2026-01-28T06:27:21.129Z,2026-01-28T06:27:21.129Z
1411,155b6964-888d-436c-be9b-2b6a927abea6,4,2,922620,false,2026-01-28T06:27:21.129Z,2026-01-28T06:27:21.129Z
1412,707cdc7c-57bf-49f3-bcf0-455130e6f456,4,3,011822,false,2026-01-28T06:27:21.129Z,2026-01-28T06:27:21.129Z
1413,5b754e58-bf4a-4d1b-8ae2-be42d4290b28,4,1,504230,false,2026-01-28T06:27:21.129Z,2026-01-28T06:27:21.129Z
1414,0403114e-7968-408f-980a-b345df8d99fe,4,2,171826,false,2026-01-28T06:27:21.129Z,2026-01-28T06:27:21.129Z
1415,3547f77c-67ac-4dac-bae1-4d9cb8c7f755,4,3,050397,false,2026-01-28T06:27:21.129Z,2026-01-28T06:27:21.129Z
1416,08136551-d5f2-4f59-8a0e-94814056ef23,4,1,628040,false,2026-01-28T06:27:21.129Z,2026-01-28T06:27:21.129Z
1417,4bc9f3e6-639a-45b5-a71c-704b61255551,4,2,693538,false,2026-01-28T06:27:21.129Z,2026-01-28T06:27:21.129Z
1418,64e32cf3-77d2-4775-b406-37f9e3e4f419,4,3,440570,false,2026-01-28T06:27:21.129Z,2026-01-28T06:27:21.129Z
1419,56ca37e1-ed07-4744-b5c6-608541cab3ca,4,1,647291,false,2026-01-28T06:27:21.129Z,2026-01-28T06:27:21.129Z
1420,b13db387-d3dc-43ab-8b2c-bb708432e966,4,2,370517,false,2026-01-28T06:27:21.129Z,2026-01-28T06:27:21.129Z
1421,2f53dbcc-b4d9-4e11-8b79-f2cfbc5cfd0a,4,3,723025,false,2026-01-28T06:27:21.129Z,2026-01-28T06:27:21.129Z
1422,ab0c48ff-fa51-4d43-bee4-1aa25eb605b8,4,1,271862,false,2026-01-28T06:27:21.129Z,2026-01-28T06:27:21.129Z
1423,733ffc43-8309-4646-953a-b79502b112e9,4,2,243173,false,2026-01-28T06:27:21.129Z,2026-01-28T06:27:21.129Z
1424,c3b74a46-32f3-4fde-971d-d5972d23871a,4,3,274851,false,2026-01-28T06:27:21.129Z,2026-01-28T06:27:21.129Z
1425,fbe61792-da42-4107-9959-b16270b9b7f9,4,1,291976,false,2026-01-28T06:27:21.129Z,2026-01-28T06:27:21.129Z
1426,2e4e250f-6d1f-4761-898b-6c75d400d8a0,4,2,011931,false,2026-01-28T06:27:21.129Z,2026-01-28T06:27:21.129Z
1427,29e93467-2be5-40b0-b353-d340ef2c4297,4,3,449182,false,2026-01-28T06:27:21.129Z,2026-01-28T06:27:21.129Z
1428,3979abde-b7c0-445c-a543-6eaad0340f56,4,1,949963,false,2026-01-28T06:27:21.129Z,2026-01-28T06:27:21.129Z
1429,9610e617-87b7-4617-850b-3f274f4222f1,4,2,640349,false,2026-01-28T06:27:21.129Z,2026-01-28T06:27:21.129Z
1430,3aa284e7-4dfb-41ab-af44-0c400f7505f9,4,3,200313,false,2026-01-28T06:27:21.129Z,2026-01-28T06:27:21.129Z
1431,f4947e62-cde1-4e6b-a86f-ae10b49ba7aa,4,1,828700,false,2026-01-28T06:27:21.129Z,2026-01-28T06:27:21.129Z
1432,7691aa38-42f4-4755-8ea3-48838da48dc8,4,2,405118,false,2026-01-28T06:27:21.129Z,2026-01-28T06:27:21.129Z
1433,1f5f78ff-fa26-4ff4-b89e-85f528970bf9,4,3,544956,false,2026-01-28T06:27:21.129Z,2026-01-28T06:27:21.129Z
1434,e1c45019-3148-461d-8a0b-58bc94a84193,4,1,051785,false,2026-01-28T06:27:21.129Z,2026-01-28T06:27:21.129Z
1435,6d2dca3d-9450-4c6f-a706-9f91777a8837,4,2,801469,false,2026-01-28T06:27:21.129Z,2026-01-28T06:27:21.129Z
1436,dba207a9-f35f-49a0-ab41-b625121a5bae,4,3,883432,false,2026-01-28T06:27:21.129Z,2026-01-28T06:27:21.129Z
1437,f61750d2-c795-438a-8743-c312f2b4da7c,4,1,215078,false,2026-01-28T06:27:21.129Z,2026-01-28T06:27:21.129Z
1438,7839ad7c-01c1-4753-b9ae-f74d6571f0d6,4,2,705486,false,2026-01-28T06:27:21.130Z,2026-01-28T06:27:21.130Z
1439,c0b67640-3e82-4760-b052-52ebf12a066f,4,3,801350,false,2026-01-28T06:27:21.130Z,2026-01-28T06:27:21.130Z
1440,dc11a0d8-c0c4-46fc-8b9c-533b7c374a88,4,1,805302,false,2026-01-28T06:27:21.130Z,2026-01-28T06:27:21.130Z
1441,010da608-46a8-4bca-b998-79157a4ddee3,4,2,208272,false,2026-01-28T06:27:21.130Z,2026-01-28T06:27:21.130Z
1442,fb8c726a-8da8-4ab3-b8e7-2f4b0f9ec953,4,3,318560,false,2026-01-28T06:27:21.130Z,2026-01-28T06:27:21.130Z
1443,0ab8e05e-814a-44bb-b6c3-e954a3b85b46,4,1,083526,false,2026-01-28T06:27:21.130Z,2026-01-28T06:27:21.130Z
1444,1d290d62-474c-4f16-b1b7-205218d6d6c6,4,2,610658,false,2026-01-28T06:27:21.130Z,2026-01-28T06:27:21.130Z
1445,1bd56c4e-d0b1-4eb2-8df9-c7de9ed605fb,4,3,836841,false,2026-01-28T06:27:21.130Z,2026-01-28T06:27:21.130Z
1446,fa3c8fd4-12de-4e63-9be5-e49cba6567f9,4,1,367924,false,2026-01-28T06:27:21.130Z,2026-01-28T06:27:21.130Z
1447,a4d7ef9d-c14e-4677-8cd8-3886e7c3f3c7,4,2,512259,false,2026-01-28T06:27:21.130Z,2026-01-28T06:27:21.130Z
1448,de73efb1-fadc-4e4c-a27a-45d69f397a18,4,3,489224,false,2026-01-28T06:27:21.130Z,2026-01-28T06:27:21.130Z
1449,7f927885-8111-47fc-899e-071593b184fa,4,1,183308,false,2026-01-28T06:27:21.130Z,2026-01-28T06:27:21.130Z
1450,1b4239d6-572a-47c5-9050-3da5d1cf2945,4,2,106705,false,2026-01-28T06:27:21.130Z,2026-01-28T06:27:21.130Z
1451,3375c6df-6b66-4757-b4dc-d8a142e93ad7,4,3,067255,false,2026-01-28T06:27:21.130Z,2026-01-28T06:27:21.130Z
1452,b7805f33-4932-4b0e-a854-6ffbc4aaf777,4,1,630545,false,2026-01-28T06:27:21.130Z,2026-01-28T06:27:21.130Z
1453,cfca2b5d-e1d6-43c6-94b0-1480be5ccc31,4,2,401246,false,2026-01-28T06:27:21.130Z,2026-01-28T06:27:21.130Z
1454,0199373a-947c-4ac2-9b65-f4f1c04cb454,4,3,756704,false,2026-01-28T06:27:21.130Z,2026-01-28T06:27:21.130Z
1455,63c27cdb-1c04-4b0d-a503-6308d3c0f3e0,4,1,409410,false,2026-01-28T06:27:21.130Z,2026-01-28T06:27:21.130Z
1456,0b23fad9-5e43-4e65-aa7d-2e0eb4c03609,4,2,878158,false,2026-01-28T06:27:21.130Z,2026-01-28T06:27:21.130Z
1457,0386837b-34a0-4501-9c94-8c7f384880d3,4,3,432872,false,2026-01-28T06:27:21.130Z,2026-01-28T06:27:21.130Z
1458,6087e3de-a4c3-46e9-bba9-ed8b2575ed53,4,1,590273,false,2026-01-28T06:27:21.130Z,2026-01-28T06:27:21.130Z
1459,bfe0ad79-e5fc-45f6-86cc-dcb2801c1bbb,4,2,653086,false,2026-01-28T06:27:21.130Z,2026-01-28T06:27:21.130Z
1460,4037e3e6-f0c3-4049-ac60-b719f7475d5b,4,3,066651,false,2026-01-28T06:27:21.130Z,2026-01-28T06:27:21.130Z
1461,4c8332b2-5e9a-4d55-b482-16f9054c694b,4,1,784749,false,2026-01-28T06:27:21.130Z,2026-01-28T06:27:21.130Z
1462,508d3a9f-eb95-4d76-8b1d-8a587341d4ee,4,2,829551,false,2026-01-28T06:27:21.130Z,2026-01-28T06:27:21.130Z
1463,596f1187-4fee-4473-b897-bcc498dc2e95,4,3,860859,false,2026-01-28T06:27:21.130Z,2026-01-28T06:27:21.130Z
1464,853c12c6-63fc-4e1e-a702-a245bde5f532,4,1,893929,false,2026-01-28T06:27:21.130Z,2026-01-28T06:27:21.130Z
1465,031fd279-daf2-42f1-9e25-f89ea62d3cde,4,2,616784,false,2026-01-28T06:27:21.130Z,2026-01-28T06:27:21.130Z
1466,c44fd3df-e2cc-45bb-be04-dd44e76cc688,4,3,896254,false,2026-01-28T06:27:21.130Z,2026-01-28T06:27:21.130Z
1467,1784e15d-425f-47c1-86c6-306a578c78e7,4,1,760621,false,2026-01-28T06:27:21.130Z,2026-01-28T06:27:21.130Z
1468,c397fe3a-6663-4e83-8b18-b1e0d42280c6,4,2,424256,false,2026-01-28T06:27:21.130Z,2026-01-28T06:27:21.130Z
1469,be25f9e5-171c-4c58-9ad2-9b1e9b5c8208,4,3,937722,false,2026-01-28T06:27:21.130Z,2026-01-28T06:27:21.130Z
1470,65072b1a-dde8-4783-8c77-144a9126de0b,4,1,025542,false,2026-01-28T06:27:21.130Z,2026-01-28T06:27:21.130Z
1471,90616c9c-35f5-4463-8a40-4bb9fcdaf3ce,4,2,338340,false,2026-01-28T06:27:21.130Z,2026-01-28T06:27:21.130Z
1472,49867742-468a-49c0-a469-3dc55e7029d5,4,3,873475,false,2026-01-28T06:27:21.130Z,2026-01-28T06:27:21.130Z
1473,9d20cde8-da2c-43bb-939a-c51376a2e988,4,1,471898,false,2026-01-28T06:27:21.130Z,2026-01-28T06:27:21.130Z
1474,05cd51f7-265b-46c7-b2db-48f85e16493d,4,2,831834,false,2026-01-28T06:27:21.130Z,2026-01-28T06:27:21.130Z
1475,1beeaafe-c25f-419b-92cf-12259b5b7ac2,4,3,043328,false,2026-01-28T06:27:21.130Z,2026-01-28T06:27:21.130Z
1476,1eb83248-7164-4e60-8ca8-900fd5f365f4,4,1,580800,false,2026-01-28T06:27:21.130Z,2026-01-28T06:27:21.130Z
1477,31467292-a72c-4ac6-86b5-82f60946809b,4,2,272800,false,2026-01-28T06:27:21.130Z,2026-01-28T06:27:21.130Z
1478,612e212e-e5a0-4a3a-af4d-65571cce7c0c,4,3,189012,false,2026-01-28T06:27:21.130Z,2026-01-28T06:27:21.130Z
1479,067f65bd-9c0a-4e41-aa48-278b0e0868f2,4,1,089452,false,2026-01-28T06:27:21.130Z,2026-01-28T06:27:21.130Z
1480,f4537311-65d7-4c0e-879c-027bc3a05b8b,4,2,645697,false,2026-01-28T06:27:21.130Z,2026-01-28T06:27:21.130Z
1481,8d3b70cb-cd8d-4204-80f1-4371a827b8e7,4,3,574237,false,2026-01-28T06:27:21.130Z,2026-01-28T06:27:21.130Z
1482,4a1771b3-2787-4c36-8bda-b62c4e077b50,4,1,018008,false,2026-01-28T06:27:21.130Z,2026-01-28T06:27:21.130Z
1483,cff82a9d-dfcd-446c-af09-129e281a1cd4,4,2,406293,false,2026-01-28T06:27:21.130Z,2026-01-28T06:27:21.130Z
1484,9032d2bc-520d-4fc8-8dbe-4c382badabe0,4,3,367813,false,2026-01-28T06:27:21.130Z,2026-01-28T06:27:21.130Z
1485,c3eb8fe2-6ceb-4d19-8b9b-2eb64dfd8937,4,1,267456,false,2026-01-28T06:27:21.130Z,2026-01-28T06:27:21.130Z
1486,17c7a8a3-3a9c-488e-87e8-87f3c08d99cc,4,2,785876,false,2026-01-28T06:27:21.130Z,2026-01-28T06:27:21.130Z
1487,1fbada86-c4ab-4c5a-8b7e-0feb43c065f5,4,3,118386,false,2026-01-28T06:27:21.130Z,2026-01-28T06:27:21.130Z
1488,5e1245df-1121-4a75-a2ff-f9c22cbe8811,4,1,347004,false,2026-01-28T06:27:21.130Z,2026-01-28T06:27:21.130Z
1489,afb5f268-8b49-4b82-9f17-049f3934a7de,4,2,995684,false,2026-01-28T06:27:21.130Z,2026-01-28T06:27:21.130Z
1490,73a1ec7a-d8f5-4af3-8690-172cb9e2f078,4,3,555963,false,2026-01-28T06:27:21.130Z,2026-01-28T06:27:21.130Z
1491,d9639ea9-f504-48d0-91be-e8c64e4c50bd,4,1,506208,false,2026-01-28T06:27:21.130Z,2026-01-28T06:27:21.130Z
1492,f23e3c6c-7c71-45a6-a3af-8a9b59f85224,4,2,190467,false,2026-01-28T06:27:21.131Z,2026-01-28T06:27:21.131Z
1493,c6d8c6fd-11cf-4342-8cd4-7479c78447b9,4,3,441838,false,2026-01-28T06:27:21.131Z,2026-01-28T06:27:21.131Z
1494,af8cbc5f-5d87-482d-a038-66ce8c16b8b4,4,1,117689,false,2026-01-28T06:27:21.131Z,2026-01-28T06:27:21.131Z
1495,f2ecb470-f558-4f77-9f94-47ded4d19186,4,2,519366,false,2026-01-28T06:27:21.131Z,2026-01-28T06:27:21.131Z
1496,c1f738bf-da97-447f-af32-20e566c9fd21,4,3,654611,false,2026-01-28T06:27:21.131Z,2026-01-28T06:27:21.131Z
1497,0eb4742a-1dcf-4107-ace8-1581ab714d2f,4,1,810597,false,2026-01-28T06:27:21.131Z,2026-01-28T06:27:21.131Z
1498,e03f1800-8a0f-4c7a-b3c8-4018eff2ff2d,4,2,286226,false,2026-01-28T06:27:21.131Z,2026-01-28T06:27:21.131Z
1499,f3095ef1-9aa8-4d5c-92a8-c99f36c8c7cf,4,3,847186,false,2026-01-28T06:27:21.131Z,2026-01-28T06:27:21.131Z
1500,c9fc3fbd-3823-48be-bf2d-253ad88b1511,4,1,873258,false,2026-01-28T06:27:21.131Z,2026-01-28T06:27:21.131Z
1501,402a00ff-75dc-45c3-adc5-09fedcbaf46c,4,2,767089,false,2026-01-28T06:27:21.131Z,2026-01-28T06:27:21.131Z
1502,b8254164-2d47-4f57-939c-17772684f8f5,4,3,092674,false,2026-01-28T06:27:21.131Z,2026-01-28T06:27:21.131Z
1503,7a7efc63-ad8c-472e-844a-190b985a9e09,4,1,071312,false,2026-01-28T06:27:21.131Z,2026-01-28T06:27:21.131Z
1504,6a95c152-e144-4dc0-b19d-0ad0f79d2da2,4,2,083063,false,2026-01-28T06:27:21.131Z,2026-01-28T06:27:21.131Z
1505,226b43bd-59a3-42f2-a875-0298228131aa,4,3,678850,false,2026-01-28T06:27:21.131Z,2026-01-28T06:27:21.131Z
1506,07ec1c10-d203-49f1-ab2c-e71dc6f4904e,4,1,029622,false,2026-01-28T06:27:21.131Z,2026-01-28T06:27:21.131Z
1507,9d9ccee9-cb4b-4b9a-bc12-cb3ee53affdc,4,2,499984,false,2026-01-28T06:27:21.131Z,2026-01-28T06:27:21.131Z
1508,d05499a3-f0f4-4de7-83cb-8f6f691f5318,4,3,681985,false,2026-01-28T06:27:21.131Z,2026-01-28T06:27:21.131Z
1509,eb2d9da4-e4b6-4ce7-bbab-1efc40a747cb,4,1,522561,false,2026-01-28T06:27:21.131Z,2026-01-28T06:27:21.131Z
1510,190bf786-51c3-4a5c-bfec-c5228fcac4c9,4,2,425941,false,2026-01-28T06:27:21.131Z,2026-01-28T06:27:21.131Z
1511,a42cda85-6f53-4bf3-b9cc-701b67b53d1b,4,3,282402,false,2026-01-28T06:27:21.131Z,2026-01-28T06:27:21.131Z
1512,fc6507c5-e908-479d-8a2e-dd3bb94dc8e7,4,1,785770,false,2026-01-28T06:27:21.131Z,2026-01-28T06:27:21.131Z
1513,5a332e1e-d159-4faf-92c5-afa6c9f66774,4,2,514586,false,2026-01-28T06:27:21.131Z,2026-01-28T06:27:21.131Z
1514,dab4f68a-7928-4ac5-ae99-5001d05f0297,4,3,515592,false,2026-01-28T06:27:21.131Z,2026-01-28T06:27:21.131Z
1515,232ed77c-29aa-4a3f-bf86-fe0ea021caa7,4,1,613026,false,2026-01-28T06:27:21.131Z,2026-01-28T06:27:21.131Z
1516,0c88ffb2-1335-4a4e-a408-aeb4828e2c01,4,2,341745,false,2026-01-28T06:27:21.131Z,2026-01-28T06:27:21.131Z
1517,5c126359-1c7e-4246-bc9b-333e1be0480a,4,3,207399,false,2026-01-28T06:27:21.131Z,2026-01-28T06:27:21.131Z
1518,b2b04a95-3059-4e12-899f-fa5b85b618fa,4,1,628619,false,2026-01-28T06:27:21.131Z,2026-01-28T06:27:21.131Z
1519,e6bc0480-ef44-4831-9029-67c4731cc2e7,4,2,776458,false,2026-01-28T06:27:21.131Z,2026-01-28T06:27:21.131Z
1520,e3a7b7bf-5357-4c98-8a0f-cfbfe2c33eac,4,3,291261,false,2026-01-28T06:27:21.131Z,2026-01-28T06:27:21.131Z
1521,0c150538-309e-454d-9029-f8a1a5d3e252,4,1,074986,false,2026-01-28T06:27:21.131Z,2026-01-28T06:27:21.131Z
1522,9a31f3ac-09f9-4e1c-8d4a-5275b4a878e2,4,2,171667,false,2026-01-28T06:27:21.131Z,2026-01-28T06:27:21.131Z
1523,0ee520f2-7303-427c-8d3c-d543c77bab5e,4,3,161987,false,2026-01-28T06:27:21.131Z,2026-01-28T06:27:21.131Z
1524,e737fcae-2c20-4d13-ab7f-99f96bd144a3,4,1,817773,false,2026-01-28T06:27:21.131Z,2026-01-28T06:27:21.131Z
1525,09dfc7cf-f088-4762-bbf2-b80434625597,4,2,258608,false,2026-01-28T06:27:21.131Z,2026-01-28T06:27:21.131Z
1526,090f77d4-a26c-4d7d-8b5e-083e52fe1d1f,4,3,111486,false,2026-01-28T06:27:21.131Z,2026-01-28T06:27:21.131Z
1527,b984b9af-a990-4c0f-80ad-1929918cbb83,4,1,080958,false,2026-01-28T06:27:21.131Z,2026-01-28T06:27:21.131Z
1528,cb6a6866-85d6-41dd-b32a-d106d43a5d2f,4,2,559363,false,2026-01-28T06:27:21.132Z,2026-01-28T06:27:21.132Z
1529,12e7cf41-2b80-46af-8812-a9be8f1d19e2,4,3,917460,false,2026-01-28T06:27:21.132Z,2026-01-28T06:27:21.132Z
1530,a33270c4-4044-4b28-8923-a21899b27fc7,4,1,208023,false,2026-01-28T06:27:21.132Z,2026-01-28T06:27:21.132Z
1531,10f470ee-2be7-4bbc-b28d-8115b6ebd939,4,2,445900,false,2026-01-28T06:27:21.132Z,2026-01-28T06:27:21.132Z
1532,6a2a4b02-b2dd-4cad-85d2-07cdcbe2f582,4,3,982696,false,2026-01-28T06:27:21.132Z,2026-01-28T06:27:21.132Z
1533,91e2c9b7-1f11-4f24-a4ab-4ef7b7ce9eb1,4,1,895353,false,2026-01-28T06:27:21.132Z,2026-01-28T06:27:21.132Z
1534,1bcfc12d-d885-4a77-91b2-295999ec2458,4,2,399874,false,2026-01-28T06:27:21.132Z,2026-01-28T06:27:21.132Z
1535,c7e1a34a-f6ab-4437-83a2-b7021233316f,4,3,170085,false,2026-01-28T06:27:21.132Z,2026-01-28T06:27:21.132Z
1536,a2eeeb61-fac8-4637-9b9c-734b56e7abdb,4,1,244880,false,2026-01-28T06:27:21.132Z,2026-01-28T06:27:21.132Z
1537,97001b58-2eae-4fdd-bdf5-2d23d55c1736,4,2,655987,false,2026-01-28T06:27:21.132Z,2026-01-28T06:27:21.132Z
1538,7ec83698-cf36-4249-b405-263a9dd542d6,4,3,423676,false,2026-01-28T06:27:21.132Z,2026-01-28T06:27:21.132Z
1539,952bc4a8-717f-4ece-98e9-6b0ec5cf1003,4,1,344011,false,2026-01-28T06:27:21.132Z,2026-01-28T06:27:21.132Z
1540,71618958-ef30-408b-841f-ff71928c8145,4,2,888854,false,2026-01-28T06:27:21.132Z,2026-01-28T06:27:21.132Z
1541,970a3634-4702-4115-ba77-165829b7c0c5,4,3,802132,false,2026-01-28T06:27:21.132Z,2026-01-28T06:27:21.132Z
1542,60e65f61-087d-49b2-9a54-40d750c34f5c,4,1,690302,false,2026-01-28T06:27:21.132Z,2026-01-28T06:27:21.132Z
1543,a71af768-21b2-4a67-85f9-520084afd53a,4,2,285855,false,2026-01-28T06:27:21.133Z,2026-01-28T06:27:21.133Z
1544,4a051494-a80a-42ae-b57d-192144b89bba,4,3,989981,false,2026-01-28T06:27:21.133Z,2026-01-28T06:27:21.133Z
1545,3fbb02e1-eeb3-49b1-bba7-c69fadae25cd,4,1,761428,false,2026-01-28T06:27:21.133Z,2026-01-28T06:27:21.133Z
1546,2d3fe27c-d1ab-4e10-a8ea-df39b8c17fb2,4,2,644599,false,2026-01-28T06:27:21.133Z,2026-01-28T06:27:21.133Z
1547,77c52845-91e0-41df-82f0-654da6237655,4,3,564336,false,2026-01-28T06:27:21.133Z,2026-01-28T06:27:21.133Z
1548,8759ac52-da5b-4d22-a2b7-9b3fd5f4fc8e,4,1,416984,false,2026-01-28T06:27:21.133Z,2026-01-28T06:27:21.133Z
1549,c6232a31-56ab-4803-8fbf-031347fb13ba,4,2,606927,false,2026-01-28T06:27:21.133Z,2026-01-28T06:27:21.133Z
1550,480d31ad-d4a0-434f-8a77-321848003ceb,4,3,155460,false,2026-01-28T06:27:21.133Z,2026-01-28T06:27:21.133Z
1551,b77d4520-f79c-4aec-8f47-9096c4b390e8,4,1,299756,false,2026-01-28T06:27:21.133Z,2026-01-28T06:27:21.133Z
1552,17f72c39-3d70-4726-b54b-5a4240851d5a,4,2,551918,false,2026-01-28T06:27:21.133Z,2026-01-28T06:27:21.133Z
1553,ff292388-bac8-4c46-9f9c-9a87e4f54d99,4,3,975138,false,2026-01-28T06:27:21.133Z,2026-01-28T06:27:21.133Z
1554,9b572b7a-4a7d-48f8-8357-7b14a9db7ce9,4,1,657627,false,2026-01-28T06:27:21.133Z,2026-01-28T06:27:21.133Z
1555,247dfeb8-838c-4920-9a1c-80d01c84b707,4,2,967934,false,2026-01-28T06:27:21.133Z,2026-01-28T06:27:21.133Z
1556,ca918fbb-31d6-429f-ab54-a04fbd865295,4,3,708853,false,2026-01-28T06:27:21.133Z,2026-01-28T06:27:21.133Z
1557,9a887e3e-3886-4f46-a8ff-ae32a30013cd,4,1,421243,false,2026-01-28T06:27:21.133Z,2026-01-28T06:27:21.133Z
1558,0642a2e7-824c-4f48-b3f5-abba90c61afa,4,2,436396,false,2026-01-28T06:27:21.133Z,2026-01-28T06:27:21.133Z
1559,786155a9-b355-44e7-b4a9-927f6278ea87,4,3,519838,false,2026-01-28T06:27:21.133Z,2026-01-28T06:27:21.133Z
1560,10dc3cd9-d29b-4a6d-839a-c6ec84d7116a,4,1,900864,false,2026-01-28T06:27:21.133Z,2026-01-28T06:27:21.133Z
1561,dbbbf7d2-69a5-4437-8ada-c547fa13e340,4,2,433836,false,2026-01-28T06:27:21.133Z,2026-01-28T06:27:21.133Z
1562,65d991ee-c90f-4ae2-96cf-b3bacadaf5c4,4,3,031150,false,2026-01-28T06:27:21.133Z,2026-01-28T06:27:21.133Z
1563,cc3ca8ec-8c8f-407b-9d13-b1f010f65d7c,4,1,437842,false,2026-01-28T06:27:21.133Z,2026-01-28T06:27:21.133Z
1564,3b602166-4385-4b27-84d5-01387690ab4d,4,2,525071,false,2026-01-28T06:27:21.133Z,2026-01-28T06:27:21.133Z
1565,142404b7-70bb-49c1-8df9-d0e3ecfa2ba3,4,3,626280,false,2026-01-28T06:27:21.133Z,2026-01-28T06:27:21.133Z
1566,bf27a00a-8d8e-419b-b8da-0828371068c0,4,1,831204,false,2026-01-28T06:27:21.133Z,2026-01-28T06:27:21.133Z
1567,8e0cdddc-462c-46bb-8e28-a122e3d57c71,4,2,491808,false,2026-01-28T06:27:21.133Z,2026-01-28T06:27:21.133Z
1568,d898db0e-6fed-4b8f-be12-f972315afdee,4,3,934086,false,2026-01-28T06:27:21.133Z,2026-01-28T06:27:21.133Z
1569,e0db80ed-ffe4-4482-8625-ab2a4d0df5d9,4,1,276741,false,2026-01-28T06:27:21.133Z,2026-01-28T06:27:21.133Z
1570,19b959ce-ee17-442f-bc57-60648121a4d1,4,2,010417,false,2026-01-28T06:27:21.133Z,2026-01-28T06:27:21.133Z
1571,7f00a2e5-7c60-4588-9cf3-0efadff54bec,4,3,803252,false,2026-01-28T06:27:21.133Z,2026-01-28T06:27:21.133Z
1572,f6a511fe-2145-47df-98e6-6c40db5a7625,4,1,614237,false,2026-01-28T06:27:21.133Z,2026-01-28T06:27:21.133Z
1573,9c48ac81-91b8-4464-a857-5fccb7f559a9,4,2,826441,false,2026-01-28T06:27:21.133Z,2026-01-28T06:27:21.133Z
1574,566e421b-5f35-4a07-9ef8-10d928ce9f4b,4,3,971694,false,2026-01-28T06:27:21.133Z,2026-01-28T06:27:21.133Z
1575,95bfb2e1-527d-4885-a3f9-07217c2cea75,4,1,698020,false,2026-01-28T06:27:21.133Z,2026-01-28T06:27:21.133Z
1576,c4daed19-890d-45d8-b624-c0e041520ace,4,2,755339,false,2026-01-28T06:27:21.133Z,2026-01-28T06:27:21.133Z
1577,e8c1a172-f9a8-4a09-a970-99f22d4ffd63,4,3,534141,false,2026-01-28T06:27:21.133Z,2026-01-28T06:27:21.133Z
1578,9091341b-c79a-40e3-b1e0-81adc8f3ddca,4,1,078212,false,2026-01-28T06:27:21.133Z,2026-01-28T06:27:21.133Z
1579,fbe88a57-8dce-44fa-a791-92bf390e5e1d,4,2,995206,false,2026-01-28T06:27:21.133Z,2026-01-28T06:27:21.133Z
1580,dce3a763-d1ba-4bff-be8d-322095d05f3a,4,3,923467,false,2026-01-28T06:27:21.133Z,2026-01-28T06:27:21.133Z
1581,ff30ccae-11c1-4b15-82c2-d179ec9a1c4f,4,1,940361,false,2026-01-28T06:27:21.134Z,2026-01-28T06:27:21.134Z
1582,a404054f-0d25-40a2-bf90-dd1201327eb6,4,2,997928,false,2026-01-28T06:27:21.134Z,2026-01-28T06:27:21.134Z
1583,1f94328e-9b3d-43b6-9eda-4c58c2d60182,4,3,936365,false,2026-01-28T06:27:21.134Z,2026-01-28T06:27:21.134Z
1584,3461155c-20c4-4286-a9b3-0303787505b5,4,1,442943,false,2026-01-28T06:27:21.134Z,2026-01-28T06:27:21.134Z
1585,f7c2fca9-d4d8-498f-8a61-5e81bbe798aa,4,2,269587,false,2026-01-28T06:27:21.134Z,2026-01-28T06:27:21.134Z
1586,592c7579-b53b-4b6b-90fc-65a0a35ac134,4,3,538742,false,2026-01-28T06:27:21.134Z,2026-01-28T06:27:21.134Z
1587,de809644-41a5-44bc-9793-e635ef4b77ab,4,1,078681,false,2026-01-28T06:27:21.134Z,2026-01-28T06:27:21.134Z
1588,785a2295-b228-4439-b80c-c34d4e8d1f07,4,2,074595,false,2026-01-28T06:27:21.134Z,2026-01-28T06:27:21.134Z
1589,c74200bf-43a6-4ccd-baca-d6040042148a,4,3,315748,false,2026-01-28T06:27:21.134Z,2026-01-28T06:27:21.134Z
1590,1e890a88-fd98-4498-899e-ce1313d5aa02,4,1,317822,false,2026-01-28T06:27:21.134Z,2026-01-28T06:27:21.134Z
1591,c7850983-1255-4127-8e95-1085fb543b92,4,2,652583,false,2026-01-28T06:27:21.134Z,2026-01-28T06:27:21.134Z
1592,3125e1e0-719b-423d-b10f-0d2fdeb95915,4,3,888451,false,2026-01-28T06:27:21.134Z,2026-01-28T06:27:21.134Z
1593,65167621-e74f-4e0b-b857-90f55aa48774,4,1,056208,false,2026-01-28T06:27:21.134Z,2026-01-28T06:27:21.134Z
1594,109608a6-9c37-436f-8ca9-4b1f37e17c04,4,2,489316,false,2026-01-28T06:27:21.134Z,2026-01-28T06:27:21.134Z
1595,d7cc594e-3cb8-4f36-81d4-f485f41151c1,4,3,444962,false,2026-01-28T06:27:21.134Z,2026-01-28T06:27:21.134Z
1596,b432ce44-6215-4e5f-abec-532263842a81,4,1,418563,false,2026-01-28T06:27:21.134Z,2026-01-28T06:27:21.134Z
1597,148aba78-a05a-45e7-be2f-12ffce791175,4,2,579416,false,2026-01-28T06:27:21.134Z,2026-01-28T06:27:21.134Z
1598,789396dd-2bf0-4228-8896-4269faef4f43,4,3,533471,false,2026-01-28T06:27:21.134Z,2026-01-28T06:27:21.134Z
1599,968818a7-a6a4-496c-8197-4815aebf8979,4,1,779831,false,2026-01-28T06:27:21.134Z,2026-01-28T06:27:21.134Z
1600,a4faa8f5-ed91-401c-926a-8b47418126bd,4,2,662165,false,2026-01-28T06:27:21.134Z,2026-01-28T06:27:21.134Z
1601,f4a2658a-c5c9-45b1-863b-49445d384201,4,3,995503,false,2026-01-28T06:27:21.134Z,2026-01-28T06:27:21.134Z
1602,7e190d91-ebae-4a31-b958-cd348fc26da2,4,1,866210,false,2026-01-28T06:27:21.134Z,2026-01-28T06:27:21.134Z
1603,05e35c5d-94f2-4551-86af-6916324d70a9,4,2,806541,false,2026-01-28T06:27:21.134Z,2026-01-28T06:27:21.134Z
1604,0f0d42b7-481d-4ea5-a3dc-6f43c4b81edf,4,3,170621,false,2026-01-28T06:27:21.134Z,2026-01-28T06:27:21.134Z
1605,32957ba4-e4c5-48c4-b3be-36c90dc2768e,4,1,405579,false,2026-01-28T06:27:21.134Z,2026-01-28T06:27:21.134Z
1606,8e0cf1ab-34c9-467f-bef2-c93e1eb0627e,4,2,495779,false,2026-01-28T06:27:21.134Z,2026-01-28T06:27:21.134Z
1607,ca5c10da-b864-41c3-bbc6-789c82fe9e1f,4,3,480750,false,2026-01-28T06:27:21.134Z,2026-01-28T06:27:21.134Z
1608,5525d777-cd10-417d-aa10-a399eeb0a2b0,4,1,259060,false,2026-01-28T06:27:21.134Z,2026-01-28T06:27:21.134Z
1609,88b57e0a-bc99-4427-899f-1bfda981f3dc,4,2,177010,false,2026-01-28T06:27:21.134Z,2026-01-28T06:27:21.134Z
1610,20e04d0b-6b96-41a5-8620-4194c08d76dc,4,3,796101,false,2026-01-28T06:27:21.134Z,2026-01-28T06:27:21.134Z
1611,b05d032b-712f-4f50-9761-b7a38491960c,4,1,846264,false,2026-01-28T06:27:21.134Z,2026-01-28T06:27:21.134Z
1612,3890b458-096a-4baa-bd40-772e35f8fe10,4,2,026847,false,2026-01-28T06:27:21.134Z,2026-01-28T06:27:21.134Z
1613,2ec6a7f4-63a1-44f0-bba3-b20797ca5127,4,3,247671,false,2026-01-28T06:27:21.134Z,2026-01-28T06:27:21.134Z
1614,2582ce59-a23c-4eea-80ef-15993b1132f4,4,1,327348,false,2026-01-28T06:27:21.134Z,2026-01-28T06:27:21.134Z
1615,c4271ca6-4a81-4dc5-800c-fe9ed0d3369a,4,2,790990,false,2026-01-28T06:27:21.134Z,2026-01-28T06:27:21.134Z
1616,b70fb12c-4b46-440c-9db8-5ad93199fda9,4,3,025484,false,2026-01-28T06:27:21.135Z,2026-01-28T06:27:21.135Z
1617,962f048a-7f51-4248-bec0-5a99a54aafc7,4,1,245985,false,2026-01-28T06:27:21.135Z,2026-01-28T06:27:21.135Z
1618,3c7864ec-2197-4925-a62d-9da700665327,4,2,342530,false,2026-01-28T06:27:21.135Z,2026-01-28T06:27:21.135Z
1619,3a5cd6e5-9bf3-4850-8772-4cec4ec6de0f,4,3,298967,false,2026-01-28T06:27:21.135Z,2026-01-28T06:27:21.135Z
1620,bdb401e0-caa2-42a7-a57d-d0e559276593,4,1,999892,false,2026-01-28T06:27:21.135Z,2026-01-28T06:27:21.135Z
1621,81ee5e78-6c11-4170-8d4b-5859cdfc8576,4,2,750992,false,2026-01-28T06:27:21.135Z,2026-01-28T06:27:21.135Z
1622,37032d28-2ec8-4203-8974-e9838b4e3b75,4,3,658530,false,2026-01-28T06:27:21.135Z,2026-01-28T06:27:21.135Z
1623,1cc6a8f8-e0af-4c4d-bd6f-e03db1a865ce,4,1,621023,false,2026-01-28T06:27:21.135Z,2026-01-28T06:27:21.135Z
1624,dfc2e8e8-9920-4737-8b67-dd89f9fbcc08,4,2,823301,false,2026-01-28T06:27:21.135Z,2026-01-28T06:27:21.135Z
1625,d4394a81-6b8f-498f-8dc8-3754164c6a4c,4,3,709737,false,2026-01-28T06:27:21.135Z,2026-01-28T06:27:21.135Z
1626,f33f9c2d-54d6-48d6-9c43-6b82890dbe05,4,1,942616,false,2026-01-28T06:27:21.135Z,2026-01-28T06:27:21.135Z
1627,47702a3b-0b19-4b96-9b27-702c6867a933,4,2,012741,false,2026-01-28T06:27:21.135Z,2026-01-28T06:27:21.135Z
1628,cc7f22d9-a29b-42f6-a660-44b9b69d3107,4,3,095460,false,2026-01-28T06:27:21.135Z,2026-01-28T06:27:21.135Z
1629,3aebbd16-bf91-445f-868a-751b97785869,4,1,090949,false,2026-01-28T06:27:21.135Z,2026-01-28T06:27:21.135Z
1630,8991b1ee-0d2d-4634-887a-59361902ede0,4,2,185526,false,2026-01-28T06:27:21.135Z,2026-01-28T06:27:21.135Z
1631,c74755d3-c0f8-4307-a3f0-8c4d9381c380,4,3,516699,false,2026-01-28T06:27:21.135Z,2026-01-28T06:27:21.135Z
1632,7a372909-e14c-4d77-8bd9-c10d582074ea,4,1,916692,false,2026-01-28T06:27:21.135Z,2026-01-28T06:27:21.135Z
1633,9549201d-e45e-40a3-badf-0e9f6e365b9b,4,2,669030,false,2026-01-28T06:27:21.135Z,2026-01-28T06:27:21.135Z
1634,e7313d7f-d334-431b-8d82-9b6848e3e6e8,4,3,145552,false,2026-01-28T06:27:21.135Z,2026-01-28T06:27:21.135Z
1635,4900cd46-813f-45e0-a943-e72d0eadfa77,4,1,681563,false,2026-01-28T06:27:21.135Z,2026-01-28T06:27:21.135Z
1636,c7ecbe04-c2ed-414e-b8b6-6813ebb17c8c,4,2,475381,false,2026-01-28T06:27:21.135Z,2026-01-28T06:27:21.135Z
1637,ff12f8ef-285d-4eba-9c69-056a8aaf24f7,4,3,873803,false,2026-01-28T06:27:21.135Z,2026-01-28T06:27:21.135Z
1638,b4390db1-5e2c-4b18-8284-317d59c37291,4,1,844098,false,2026-01-28T06:27:21.135Z,2026-01-28T06:27:21.135Z
1639,6fa73d72-b3e9-41cc-9841-3b46475c5ea9,4,2,856533,false,2026-01-28T06:27:21.135Z,2026-01-28T06:27:21.135Z
1640,9fb5c3f2-84c9-4f5b-b967-1cf299e28577,4,3,267815,false,2026-01-28T06:27:21.135Z,2026-01-28T06:27:21.135Z
1641,d73b1bd4-1dfc-4760-9757-eb1481e49c7a,4,1,808385,false,2026-01-28T06:27:21.135Z,2026-01-28T06:27:21.135Z
1642,a07cc1dc-42e7-49a2-af39-7dc06449eda1,4,2,986405,false,2026-01-28T06:27:21.135Z,2026-01-28T06:27:21.135Z
1643,d7c3f8c0-2ab2-40c4-b1ab-3e5ee81c89d3,4,3,934436,false,2026-01-28T06:27:21.135Z,2026-01-28T06:27:21.135Z
1644,04c0b98d-ad9e-4543-af98-662b9980c00b,4,1,721294,false,2026-01-28T06:27:21.135Z,2026-01-28T06:27:21.135Z
1645,d6551706-50be-4b58-98b5-119af8f04088,4,2,138755,false,2026-01-28T06:27:21.135Z,2026-01-28T06:27:21.135Z
1646,ec040912-bda1-4cb3-aabd-f449ae2d2eb8,4,3,289830,false,2026-01-28T06:27:21.135Z,2026-01-28T06:27:21.135Z
1647,5954e01c-59dd-43cb-8769-f0c1c82b1a4d,4,1,435608,false,2026-01-28T06:27:21.135Z,2026-01-28T06:27:21.135Z
1648,8bd5aa9a-4a82-446e-a01a-3c54eab3e049,4,2,153345,false,2026-01-28T06:27:21.135Z,2026-01-28T06:27:21.135Z
1649,4dcc5430-cd30-4d02-a463-08b2069ef482,4,3,970221,false,2026-01-28T06:27:21.135Z,2026-01-28T06:27:21.135Z
1650,e8ef1509-38ff-4af6-96b2-bc5863f1ea0f,4,1,457810,false,2026-01-28T06:27:21.135Z,2026-01-28T06:27:21.135Z
1651,1e79f03a-24b7-4409-97a1-d069484ab37c,4,2,881899,false,2026-01-28T06:27:21.135Z,2026-01-28T06:27:21.135Z
1652,2d9f3f0e-0388-4197-9c3f-324ee4cd2223,4,3,398398,false,2026-01-28T06:27:21.135Z,2026-01-28T06:27:21.135Z
1653,1fa5c76f-5cfe-4f1a-a888-c4cfd6974994,4,1,278379,false,2026-01-28T06:27:21.135Z,2026-01-28T06:27:21.135Z
1654,d484af32-3e3a-41bf-87d6-473ec440639b,4,2,915280,false,2026-01-28T06:27:21.135Z,2026-01-28T06:27:21.135Z
1655,423b2a49-dec9-4b01-9421-6816402cbecf,4,3,588380,false,2026-01-28T06:27:21.135Z,2026-01-28T06:27:21.135Z
1656,1c82aeed-7e38-4cdb-a0bc-b129c4e83358,4,1,186537,false,2026-01-28T06:27:21.135Z,2026-01-28T06:27:21.135Z
1657,b16e12e0-a0ea-4828-bcb1-4ce1c00878c0,4,2,958996,false,2026-01-28T06:27:21.136Z,2026-01-28T06:27:21.136Z
1658,d747aee8-a2cd-4a38-842c-60768dbcdc9c,4,3,663351,false,2026-01-28T06:27:21.136Z,2026-01-28T06:27:21.136Z
1659,d00d1815-ddc8-4698-a155-f8803f82633b,4,1,363692,false,2026-01-28T06:27:21.136Z,2026-01-28T06:27:21.136Z
1660,d51f40de-42ad-4780-b51d-20c39fa804f8,4,2,135098,false,2026-01-28T06:27:21.136Z,2026-01-28T06:27:21.136Z
1661,e8e2fea4-6a7f-4769-9177-193bb615dcbd,4,3,085994,false,2026-01-28T06:27:21.136Z,2026-01-28T06:27:21.136Z
1662,d7e8b2ed-d828-4110-9cf6-2765f83d7e95,4,1,029072,false,2026-01-28T06:27:21.136Z,2026-01-28T06:27:21.136Z
1663,057fa8ed-1b6d-4895-9eb1-048cf0d6e46f,4,2,802208,false,2026-01-28T06:27:21.136Z,2026-01-28T06:27:21.136Z
1664,ff61115f-08bd-4ece-83c7-0aa38efbd46e,4,3,058826,false,2026-01-28T06:27:21.136Z,2026-01-28T06:27:21.136Z
1665,9dfab945-1850-4710-9974-0fb2f9cf04e5,4,1,761246,false,2026-01-28T06:27:21.136Z,2026-01-28T06:27:21.136Z
1666,c2a09e9d-8611-42d9-af9f-438d3e27b5e0,4,2,783922,false,2026-01-28T06:27:21.136Z,2026-01-28T06:27:21.136Z
1667,ecb123ad-31dc-4b1b-9fe3-e665a67684b9,4,3,064868,false,2026-01-28T06:27:21.136Z,2026-01-28T06:27:21.136Z
1668,a40457f8-1f7b-4c7b-b660-b37ad3cdb77c,4,1,358253,false,2026-01-28T06:27:21.136Z,2026-01-28T06:27:21.136Z
1669,f1285139-5c8a-4d70-af33-000646e4f217,4,2,854401,false,2026-01-28T06:27:21.136Z,2026-01-28T06:27:21.136Z
1670,71e996e3-4b04-4c30-922d-66337a4fa12e,4,3,444918,false,2026-01-28T06:27:21.136Z,2026-01-28T06:27:21.136Z
1671,bb15760d-970a-46b6-8f27-0bfe885ea9ca,4,1,893614,false,2026-01-28T06:27:21.136Z,2026-01-28T06:27:21.136Z
1672,9d1ad0a1-2ca8-4098-a302-e6c535fd7a87,4,2,217161,false,2026-01-28T06:27:21.136Z,2026-01-28T06:27:21.136Z
1673,88b272f3-3dbb-40e2-b13d-264a389d6e14,4,3,994810,false,2026-01-28T06:27:21.136Z,2026-01-28T06:27:21.136Z
1674,4a19f042-f609-4803-82a3-1e3e1d37cdb2,4,1,917361,false,2026-01-28T06:27:21.136Z,2026-01-28T06:27:21.136Z
1675,53b43113-aad1-4d00-86aa-6dba4af4949d,4,2,587383,false,2026-01-28T06:27:21.136Z,2026-01-28T06:27:21.136Z
1676,0d14a5c9-8f1e-4875-bdbe-bfe99b27bc11,4,3,988583,false,2026-01-28T06:27:21.136Z,2026-01-28T06:27:21.136Z
1677,8d586b04-f921-4a01-946e-637592836fb2,4,1,995448,false,2026-01-28T06:27:21.136Z,2026-01-28T06:27:21.136Z
1678,7b60ec94-a3a6-44e9-a5f4-55b842c62da0,4,2,442469,false,2026-01-28T06:27:21.136Z,2026-01-28T06:27:21.136Z
1679,e914035a-86e7-4d5a-82f4-3b7007e54205,4,3,717178,false,2026-01-28T06:27:21.136Z,2026-01-28T06:27:21.136Z
1680,0bd1de0b-e5ad-4b24-8c23-0f5eb97b7fcb,4,1,602687,false,2026-01-28T06:27:21.136Z,2026-01-28T06:27:21.136Z
1681,ce0ac890-7c2f-4455-a1ea-17ea6f9dad47,4,2,030899,false,2026-01-28T06:27:21.136Z,2026-01-28T06:27:21.136Z
1682,ec4170ed-c8d9-40f5-af42-0d1254721143,4,3,263909,false,2026-01-28T06:27:21.136Z,2026-01-28T06:27:21.136Z
1683,bbd04807-671c-4f09-88bf-21c16367abee,4,1,501923,false,2026-01-28T06:27:21.136Z,2026-01-28T06:27:21.136Z
1684,f2a124be-e6dc-4b59-bf7f-3c342a304581,4,2,861767,false,2026-01-28T06:27:21.136Z,2026-01-28T06:27:21.136Z
1685,43a77bdf-5846-496f-ad07-8de5d0feda64,4,3,971936,false,2026-01-28T06:27:21.136Z,2026-01-28T06:27:21.136Z
1686,bc638c12-7ec0-4a34-b880-0fd1d7d662d8,4,1,136632,false,2026-01-28T06:27:21.136Z,2026-01-28T06:27:21.136Z
1687,ca554c37-763b-4c51-9cae-a0ca24affc6e,4,2,757999,false,2026-01-28T06:27:21.136Z,2026-01-28T06:27:21.136Z
1688,6cbee586-d450-4d7b-b137-0ac238e943d0,4,3,058899,false,2026-01-28T06:27:21.136Z,2026-01-28T06:27:21.136Z
1689,bc13ff5f-365c-4ffb-8397-1509c4c7b9b2,4,1,420462,false,2026-01-28T06:27:21.136Z,2026-01-28T06:27:21.136Z
1690,cb0592ed-b964-4ff4-be2b-3318c332c8b6,4,2,770903,false,2026-01-28T06:27:21.136Z,2026-01-28T06:27:21.136Z
1691,70f9a931-6212-47c9-8318-5e6aebab074e,4,3,465965,false,2026-01-28T06:27:21.136Z,2026-01-28T06:27:21.136Z
1692,f93bc170-b248-4af8-9ae5-1b4b36f0fcf1,4,1,270398,false,2026-01-28T06:27:21.136Z,2026-01-28T06:27:21.136Z
1693,62af0df8-7996-4a22-9395-97c214bf1e83,4,2,189193,false,2026-01-28T06:27:21.137Z,2026-01-28T06:27:21.137Z
1694,4dc12821-605a-4366-a225-e4cab13c6070,4,3,630822,false,2026-01-28T06:27:21.137Z,2026-01-28T06:27:21.137Z
1695,7a6c1f30-ae91-4ca4-8e53-bd14882f5fe2,4,1,697043,false,2026-01-28T06:27:21.137Z,2026-01-28T06:27:21.137Z
1696,53f36d60-c575-44c1-91aa-9e0f24e98e2e,4,2,551313,false,2026-01-28T06:27:21.137Z,2026-01-28T06:27:21.137Z
1697,27a99e8a-099b-4209-ae27-0bc3f1a04ddb,4,3,678960,false,2026-01-28T06:27:21.137Z,2026-01-28T06:27:21.137Z
1698,1e88bf32-e37e-44fc-8762-8524e81df2ad,4,1,181954,false,2026-01-28T06:27:21.137Z,2026-01-28T06:27:21.137Z
1699,6ce61596-bec9-49e7-8cd2-d987baa25292,4,2,674685,false,2026-01-28T06:27:21.137Z,2026-01-28T06:27:21.137Z
1700,276bdd53-53f2-4156-a480-5ce76d63a37f,4,3,969770,false,2026-01-28T06:27:21.137Z,2026-01-28T06:27:21.137Z
1701,b20b9773-7dc0-4d21-99f4-0f58c7f192e6,4,1,280141,false,2026-01-28T06:27:21.137Z,2026-01-28T06:27:21.137Z
1702,32945b07-2dc6-42cc-90f0-3fa5dc99d723,4,2,294971,false,2026-01-28T06:27:21.137Z,2026-01-28T06:27:21.137Z
1703,7f17e13e-52c6-4bae-bfe5-ee021da5797b,4,3,302288,false,2026-01-28T06:27:21.137Z,2026-01-28T06:27:21.137Z
1704,c6aee366-76b4-4f05-bcc1-71ef369f2acc,4,1,983144,false,2026-01-28T06:27:21.137Z,2026-01-28T06:27:21.137Z
1705,12aa440c-985e-48c3-92dc-041761dcabc5,4,2,272348,false,2026-01-28T06:27:21.137Z,2026-01-28T06:27:21.137Z
1706,0305e1e3-0312-41e5-91e3-d2a45b6df752,4,3,752156,false,2026-01-28T06:27:21.137Z,2026-01-28T06:27:21.137Z
1707,385529ee-994e-4ed4-b6e5-558c1112e52f,4,1,537473,false,2026-01-28T06:27:21.137Z,2026-01-28T06:27:21.137Z
1708,3e2605b4-d3a9-4f1c-91b4-9d49a1b24893,4,2,183044,false,2026-01-28T06:27:21.137Z,2026-01-28T06:27:21.137Z
1709,a708ab48-551a-4dc7-b461-37d6793efd76,4,3,708982,false,2026-01-28T06:27:21.137Z,2026-01-28T06:27:21.137Z
1710,f9ce1e14-b227-49ea-bedc-27e08f852623,4,1,575722,false,2026-01-28T06:27:21.137Z,2026-01-28T06:27:21.137Z
1711,9417227d-0647-490e-8f9f-02dc6bc1a3b9,4,2,581208,false,2026-01-28T06:27:21.137Z,2026-01-28T06:27:21.137Z
1712,d3e57652-d247-4b1d-8552-5077da48cc90,4,3,402697,false,2026-01-28T06:27:21.137Z,2026-01-28T06:27:21.137Z
1713,56cd0203-280e-48b9-be42-b584c2d96326,4,1,617624,false,2026-01-28T06:27:21.137Z,2026-01-28T06:27:21.137Z
1714,4f9032f0-e6a1-40d9-9271-7b834323fabd,4,2,872631,false,2026-01-28T06:27:21.137Z,2026-01-28T06:27:21.137Z
1715,7456b0a1-8afc-4d48-9dbd-7c33ca334b42,4,3,879898,false,2026-01-28T06:27:21.137Z,2026-01-28T06:27:21.137Z
1716,91f0c6b2-e0e3-443b-9b82-4142b8c80641,4,1,685922,false,2026-01-28T06:27:21.137Z,2026-01-28T06:27:21.137Z
1717,9002e03e-a6fa-4e53-9428-cc5f248fd114,4,2,893042,false,2026-01-28T06:27:21.137Z,2026-01-28T06:27:21.137Z
1718,4c8cf61c-71f6-4533-91dd-5e1be0396946,4,3,083289,false,2026-01-28T06:27:21.137Z,2026-01-28T06:27:21.137Z
1719,dea88f90-a1b2-4977-86a7-c20f9b59bca7,4,1,217522,false,2026-01-28T06:27:21.137Z,2026-01-28T06:27:21.137Z
1720,0997cf7c-3aa9-41ab-b0f2-c756102c447c,4,2,810681,false,2026-01-28T06:27:21.137Z,2026-01-28T06:27:21.137Z
1721,f863c12f-075e-4ea9-8c55-e2f9fbd841cb,4,3,352007,false,2026-01-28T06:27:21.137Z,2026-01-28T06:27:21.137Z
1722,44ec3bb4-ede7-433c-9cb1-f4f233d908ce,4,1,299986,false,2026-01-28T06:27:21.137Z,2026-01-28T06:27:21.137Z
1723,5088187a-8bf0-46c1-8b70-f3b917bec64c,4,2,221833,false,2026-01-28T06:27:21.137Z,2026-01-28T06:27:21.137Z
1724,fcaadb8c-32fc-4bf9-a3bc-7e668c0f4a0e,4,3,101728,false,2026-01-28T06:27:21.137Z,2026-01-28T06:27:21.137Z
1725,b20a9c69-6d35-4256-9630-3da3a394fc97,4,1,940116,false,2026-01-28T06:27:21.137Z,2026-01-28T06:27:21.137Z
1726,a765b096-8c97-4bb3-849b-541fbde7ee83,4,2,899707,false,2026-01-28T06:27:21.137Z,2026-01-28T06:27:21.137Z
1727,a1235000-168a-4025-8bd6-7171fefe4a57,4,3,859796,false,2026-01-28T06:27:21.137Z,2026-01-28T06:27:21.137Z
1728,80293b93-622c-443e-beba-ea1da9090561,4,1,952684,false,2026-01-28T06:27:21.137Z,2026-01-28T06:27:21.137Z
1729,bedd82f9-10bc-4381-b47b-8780ea64b67a,4,2,260505,false,2026-01-28T06:27:21.137Z,2026-01-28T06:27:21.137Z
1730,373dbf3f-2a09-49cf-8543-0bb1040ab7b8,4,3,944347,false,2026-01-28T06:27:21.137Z,2026-01-28T06:27:21.137Z
1731,ee875d3d-eddc-447f-aa88-e0bf8a9b7bf5,4,1,449551,false,2026-01-28T06:27:21.137Z,2026-01-28T06:27:21.137Z
1732,95e41afa-56c2-408d-9ac7-fc891d934a93,4,2,756664,false,2026-01-28T06:27:21.137Z,2026-01-28T06:27:21.137Z
1733,603d9354-9741-47e5-80d8-727a803cb630,4,3,880270,false,2026-01-28T06:27:21.137Z,2026-01-28T06:27:21.137Z
1734,6bf97a83-5345-4d88-a61f-48e2ebd6c666,4,1,708835,false,2026-01-28T06:27:21.137Z,2026-01-28T06:27:21.137Z
1735,4dde8069-4aaf-4cef-8ddf-a55d7aa46e23,4,2,626416,false,2026-01-28T06:27:21.137Z,2026-01-28T06:27:21.137Z
1736,34708416-b00f-4ac6-ab48-0fc59d529644,4,3,809292,false,2026-01-28T06:27:21.137Z,2026-01-28T06:27:21.137Z
1737,37ab8f0e-113f-4d64-a65d-5b4c58d99d40,4,1,000981,false,2026-01-28T06:27:21.137Z,2026-01-28T06:27:21.137Z
1738,97785a88-09f9-407c-89c6-196f2b7196f5,4,2,006984,false,2026-01-28T06:27:21.137Z,2026-01-28T06:27:21.137Z
1739,7b19ff24-1a81-4b88-97a6-86ce5832bf52,4,3,507714,false,2026-01-28T06:27:21.137Z,2026-01-28T06:27:21.137Z
1740,d54fb229-d49c-4fbb-b087-287d5d703cf4,4,1,451697,false,2026-01-28T06:27:21.137Z,2026-01-28T06:27:21.137Z
1741,34c22858-295b-44e4-affe-c87f18836625,4,2,845376,false,2026-01-28T06:27:21.137Z,2026-01-28T06:27:21.137Z
1742,f972d005-0aee-4ff5-9f73-80e7d6d2a074,4,3,498921,false,2026-01-28T06:27:21.138Z,2026-01-28T06:27:21.138Z
1743,494e1d42-2da1-4f04-90f9-ac95340df280,4,1,407907,false,2026-01-28T06:27:21.138Z,2026-01-28T06:27:21.138Z
1744,69327251-71e9-482a-aa7a-c3c63b65d44e,4,2,807312,false,2026-01-28T06:27:21.138Z,2026-01-28T06:27:21.138Z
1745,eb86ff7f-3001-40e0-a30f-5dbcfbf92571,4,3,602746,false,2026-01-28T06:27:21.138Z,2026-01-28T06:27:21.138Z
1746,455e6c42-81f4-4c0e-9c5d-3b60c60cdee0,4,1,564794,false,2026-01-28T06:27:21.138Z,2026-01-28T06:27:21.138Z
1747,c2c771e3-3900-4d49-802a-b1c9a2b5f9ca,4,2,634526,false,2026-01-28T06:27:21.138Z,2026-01-28T06:27:21.138Z
1748,5860ade9-aaca-4468-80c5-116eaef386f2,4,3,369460,false,2026-01-28T06:27:21.138Z,2026-01-28T06:27:21.138Z
1749,eed736db-d67d-4f92-90b7-a3e76a68d6e8,4,1,818432,false,2026-01-28T06:27:21.138Z,2026-01-28T06:27:21.138Z
1750,51d97785-e512-4bf5-a742-6effca3ca827,4,2,797628,false,2026-01-28T06:27:21.138Z,2026-01-28T06:27:21.138Z
1751,ed25d8b2-e7e0-4451-8ea7-e5ee4e2e917b,4,3,638515,false,2026-01-28T06:27:21.138Z,2026-01-28T06:27:21.138Z
1752,1344702f-2e8a-467a-b4b4-b1a7755ff681,4,1,073540,false,2026-01-28T06:27:21.138Z,2026-01-28T06:27:21.138Z
1753,93c76d4a-96d6-433d-a1c9-28f70ee08f10,4,2,459854,false,2026-01-28T06:27:21.138Z,2026-01-28T06:27:21.138Z
1754,e08a0279-0513-4929-be7a-1b3b76ba33b5,4,3,498868,false,2026-01-28T06:27:21.138Z,2026-01-28T06:27:21.138Z
1755,63c798b4-376c-4e79-abd9-4cf3a288dccd,4,1,262084,false,2026-01-28T06:27:21.138Z,2026-01-28T06:27:21.138Z
1756,1cafe658-f232-4456-a650-33199d24024a,4,2,879822,false,2026-01-28T06:27:21.138Z,2026-01-28T06:27:21.138Z
1757,e201e28d-18d1-46c6-9050-36dc1a7fd984,4,3,859797,false,2026-01-28T06:27:21.138Z,2026-01-28T06:27:21.138Z
1758,e765f355-c414-43ac-b632-c42cc2c6af4b,4,1,382857,false,2026-01-28T06:27:21.138Z,2026-01-28T06:27:21.138Z
1759,7de5be9b-2b4a-46da-9831-e4c5f5da0739,4,2,657826,false,2026-01-28T06:27:21.138Z,2026-01-28T06:27:21.138Z
1760,0190ae4f-9514-4618-ada7-80ba87cf1be2,4,3,465420,false,2026-01-28T06:27:21.138Z,2026-01-28T06:27:21.138Z
1761,5f2dfbf1-977a-4a2f-aa4f-ef800ebac6dd,4,1,003287,false,2026-01-28T06:27:21.138Z,2026-01-28T06:27:21.138Z
1762,377181e8-5b09-41a6-8d55-30b61387203e,4,2,854758,false,2026-01-28T06:27:21.138Z,2026-01-28T06:27:21.138Z
1763,00a39429-7f95-4ae6-b88d-287a51a8b384,4,3,137695,false,2026-01-28T06:27:21.138Z,2026-01-28T06:27:21.138Z
1764,14d0da0f-fac4-4410-b455-869fa8e46829,4,1,514821,false,2026-01-28T06:27:21.138Z,2026-01-28T06:27:21.138Z
1765,4be73158-bb06-4141-a2af-48bdff3fcfdf,4,2,534179,false,2026-01-28T06:27:21.138Z,2026-01-28T06:27:21.138Z
1766,5c2dbc95-44bb-49bb-a145-caf9f5b08e91,4,3,061089,false,2026-01-28T06:27:21.138Z,2026-01-28T06:27:21.138Z
1767,c0dfecf3-2528-4004-8a6f-d750d9f6329e,4,1,718209,false,2026-01-28T06:27:21.138Z,2026-01-28T06:27:21.138Z
1768,5fc70343-fc2a-49d8-af95-c54a1d1ec0ba,4,2,049217,false,2026-01-28T06:27:21.138Z,2026-01-28T06:27:21.138Z
1769,93f7cb56-f6ba-4a14-a881-1a193cffb3ae,4,3,950206,false,2026-01-28T06:27:21.138Z,2026-01-28T06:27:21.138Z
1770,687066a4-1842-4039-8aa5-f348b96299e2,4,1,399114,false,2026-01-28T06:27:21.138Z,2026-01-28T06:27:21.138Z
1771,086fe456-38ce-4f5d-a033-c31d0becdd1d,4,2,071159,false,2026-01-28T06:27:21.138Z,2026-01-28T06:27:21.138Z
1772,c3656579-6212-40f8-a828-8e055f0734a5,4,3,729958,false,2026-01-28T06:27:21.138Z,2026-01-28T06:27:21.138Z
1773,981b8781-a94e-4c8f-8d1d-6d3b0531ebb5,4,1,544837,false,2026-01-28T06:27:21.138Z,2026-01-28T06:27:21.138Z
1774,b67adeb1-b092-418a-b5d1-7b58354cc0e2,4,2,952931,false,2026-01-28T06:27:21.138Z,2026-01-28T06:27:21.138Z
1775,d417d898-1dd7-49fd-b966-5ed225145374,4,3,320544,false,2026-01-28T06:27:21.138Z,2026-01-28T06:27:21.138Z
1776,88732968-f217-4281-b81b-2d0b0710053c,4,1,994385,false,2026-01-28T06:27:21.138Z,2026-01-28T06:27:21.138Z
1777,e6f763a1-221f-47c8-bd4f-eb341e7ce8c0,4,2,279645,false,2026-01-28T06:27:21.138Z,2026-01-28T06:27:21.138Z
1778,dfebf0f7-37f4-4da0-81a8-589d8888639b,4,3,190966,false,2026-01-28T06:27:21.138Z,2026-01-28T06:27:21.138Z
1779,a611b38f-1253-43b3-a5a3-a5863065ed19,4,1,928145,false,2026-01-28T06:27:21.138Z,2026-01-28T06:27:21.138Z
1780,0af47794-93a6-4504-bf54-abc772b0e70d,4,2,240583,false,2026-01-28T06:27:21.138Z,2026-01-28T06:27:21.138Z
1781,cee56249-1e8c-4b5d-9d75-5bf645dfdd3d,4,3,158842,false,2026-01-28T06:27:21.138Z,2026-01-28T06:27:21.138Z
1782,e25f58e3-27fc-4002-a490-264593fa658e,4,1,790804,false,2026-01-28T06:27:21.138Z,2026-01-28T06:27:21.138Z
1783,f6781c47-6c72-4ac1-a756-6f7d44c1d256,4,2,783891,false,2026-01-28T06:27:21.138Z,2026-01-28T06:27:21.138Z
1784,b0fc28d8-9020-4107-ac3b-5305f03b1ebc,4,3,419410,false,2026-01-28T06:27:21.138Z,2026-01-28T06:27:21.138Z
1785,5c0ee5f0-b372-485f-9ed6-5ddb8ea914e4,4,1,341657,false,2026-01-28T06:27:21.138Z,2026-01-28T06:27:21.138Z
1786,cd0a5c43-483e-4fe2-b6d2-b7a4d3d148e5,4,2,834082,false,2026-01-28T06:27:21.138Z,2026-01-28T06:27:21.138Z
1787,7ef87a77-5fd5-4a50-bd95-690d84e5863d,4,3,742551,false,2026-01-28T06:27:21.138Z,2026-01-28T06:27:21.138Z
1788,f8a87daf-d7e8-4d66-930c-b143da257b57,4,1,258929,false,2026-01-28T06:27:21.138Z,2026-01-28T06:27:21.138Z
1789,fd051e08-28fe-45ec-b9bb-58dbff34abca,4,2,937193,false,2026-01-28T06:27:21.138Z,2026-01-28T06:27:21.138Z
1790,a3c8811f-58be-4681-b023-66843969714d,4,3,603378,false,2026-01-28T06:27:21.138Z,2026-01-28T06:27:21.138Z
1791,1e690d6d-5b15-472b-a57c-f97ed3b993ee,4,1,267366,false,2026-01-28T06:27:21.138Z,2026-01-28T06:27:21.138Z
1792,5162b7a7-718d-4385-a51a-a4f4244cd608,4,2,965628,false,2026-01-28T06:27:21.139Z,2026-01-28T06:27:21.139Z
1793,69a7b75c-302a-412e-8be1-c01a623b69c3,4,3,095421,false,2026-01-28T06:27:21.139Z,2026-01-28T06:27:21.139Z
1794,466ddbf5-7d65-4ba8-ae28-64c1e5889f3d,4,1,730074,false,2026-01-28T06:27:21.139Z,2026-01-28T06:27:21.139Z
1795,1e538082-881a-4037-8388-755749b36f6c,4,2,814544,false,2026-01-28T06:27:21.139Z,2026-01-28T06:27:21.139Z
1796,e33d84e8-965a-4764-b17c-dfbca2b7bb70,4,3,425222,false,2026-01-28T06:27:21.139Z,2026-01-28T06:27:21.139Z
1797,f03706a2-04b7-4446-9f9e-8ff012a71308,4,1,686967,false,2026-01-28T06:27:21.139Z,2026-01-28T06:27:21.139Z
1798,a33813d7-36d0-49bf-a245-a60bf0f1c3c5,4,2,183815,false,2026-01-28T06:27:21.139Z,2026-01-28T06:27:21.139Z
1799,bf3df91b-7c69-405f-ac7d-21ea89da0c7d,4,3,666012,false,2026-01-28T06:27:21.139Z,2026-01-28T06:27:21.139Z
1800,50473cfc-3987-4330-a96e-ba1d2672c54a,4,1,017501,false,2026-01-28T06:27:21.139Z,2026-01-28T06:27:21.139Z
1801,30d074ca-f473-42b3-9aa6-236dbc743ffc,4,2,714789,false,2026-01-28T06:27:21.139Z,2026-01-28T06:27:21.139Z
1802,c87158e6-b540-460c-adf3-36468296d818,4,3,415834,false,2026-01-28T06:27:21.139Z,2026-01-28T06:27:21.139Z
1803,c82c3a9a-7c8b-40e5-a582-f22493c54baa,4,1,058611,false,2026-01-28T06:27:21.139Z,2026-01-28T06:27:21.139Z
1804,bb98546b-2ef7-4554-8ec1-d62162b94e35,4,2,095700,false,2026-01-28T06:27:21.139Z,2026-01-28T06:27:21.139Z
1805,45b5292e-f263-4b37-9258-81b19abbd775,4,3,689896,false,2026-01-28T06:27:21.139Z,2026-01-28T06:27:21.139Z
1806,1c08cd11-938a-4b6c-81d7-aaa1915edcdb,4,1,628791,false,2026-01-28T06:27:21.139Z,2026-01-28T06:27:21.139Z
1807,cb41383a-fdb2-4c83-b133-b8206e9b2c3d,4,2,959384,false,2026-01-28T06:27:21.139Z,2026-01-28T06:27:21.139Z
1808,0aad4767-b42f-4b2f-911a-96839e328d16,4,3,667420,false,2026-01-28T06:27:21.139Z,2026-01-28T06:27:21.139Z
1809,7e9df2dc-3bfb-4c8a-8a16-879ff22ece86,4,1,916179,false,2026-01-28T06:27:21.139Z,2026-01-28T06:27:21.139Z
1810,d78198c2-0a78-42d2-afe3-b4ee9f7c7ab6,4,2,676821,false,2026-01-28T06:27:21.139Z,2026-01-28T06:27:21.139Z
1811,30d6fb23-e8bd-493b-881e-2c7a51681be3,4,3,316452,false,2026-01-28T06:27:21.139Z,2026-01-28T06:27:21.139Z
1812,b476ca9a-3c76-4965-b5b0-7690d167fefa,4,1,326420,false,2026-01-28T06:27:21.139Z,2026-01-28T06:27:21.139Z
1813,2b02f930-52cc-418c-97fa-df95d8e5d54d,4,2,787393,false,2026-01-28T06:27:21.139Z,2026-01-28T06:27:21.139Z
1814,6d66deb5-9f6a-4096-8912-155c186c2b11,4,3,241691,false,2026-01-28T06:27:21.139Z,2026-01-28T06:27:21.139Z
1815,994f1aa5-ccdf-46ea-ae55-6753a6fbd5dc,4,1,994811,false,2026-01-28T06:27:21.139Z,2026-01-28T06:27:21.139Z
1816,91cc77c2-ff1c-489b-a7f4-70b53478a204,4,2,938788,false,2026-01-28T06:27:21.139Z,2026-01-28T06:27:21.139Z
1817,9d9f928d-1684-49cb-9844-28d1680c5a73,4,3,455226,false,2026-01-28T06:27:21.139Z,2026-01-28T06:27:21.139Z
1818,2ab19a83-c920-4fd7-878c-99a11e2dccf5,4,1,677058,false,2026-01-28T06:27:21.139Z,2026-01-28T06:27:21.139Z
1819,02727722-3dc8-44cc-893f-a57a741c86a0,4,2,895671,false,2026-01-28T06:27:21.139Z,2026-01-28T06:27:21.139Z
1820,dcfa81fd-d04c-46c1-bb39-d35beb66912e,4,3,800918,false,2026-01-28T06:27:21.139Z,2026-01-28T06:27:21.139Z
1821,51b4a54a-89e9-4c87-a048-4d0256e37e47,4,1,232885,false,2026-01-28T06:27:21.139Z,2026-01-28T06:27:21.139Z
1822,6f67c593-3ba6-4ee5-94b2-bf91b197bf5d,4,2,331602,false,2026-01-28T06:27:21.139Z,2026-01-28T06:27:21.139Z
1823,7c567c75-c57e-4cf6-8220-1b38c34eb432,4,3,124249,false,2026-01-28T06:27:21.139Z,2026-01-28T06:27:21.139Z
1824,4445d2d6-b475-43be-b0fa-facb29d2e3ec,4,1,635587,false,2026-01-28T06:27:21.139Z,2026-01-28T06:27:21.139Z
1825,054f7e64-908c-466b-808d-9c7cc89ff976,4,2,622414,false,2026-01-28T06:27:21.139Z,2026-01-28T06:27:21.139Z
1826,16a4c7a2-cf2f-44fd-8679-8c00a5d8f80f,4,3,093881,false,2026-01-28T06:27:21.139Z,2026-01-28T06:27:21.139Z
1827,3b8b5fa7-4141-4c6d-b92b-0820657a8561,4,1,439678,false,2026-01-28T06:27:21.139Z,2026-01-28T06:27:21.139Z
1828,1cfca745-260a-4672-997e-272078a57599,4,2,506138,false,2026-01-28T06:27:21.139Z,2026-01-28T06:27:21.139Z
1829,008065e6-502b-454a-94ba-711c70e68c20,4,3,501046,false,2026-01-28T06:27:21.139Z,2026-01-28T06:27:21.139Z
1830,5f1d8907-7119-4f22-a756-b385ad06fedf,4,1,883583,false,2026-01-28T06:27:21.139Z,2026-01-28T06:27:21.139Z
1831,065a879f-eb73-4d6f-82bb-9edcfb734dd6,4,2,471739,false,2026-01-28T06:27:21.139Z,2026-01-28T06:27:21.139Z
1832,5c843351-1190-4467-855e-71b92e7fd85d,4,3,169008,false,2026-01-28T06:27:21.139Z,2026-01-28T06:27:21.139Z
1833,43f8357f-c0e9-4e33-b4c6-6bd2c4d8901d,4,1,872703,false,2026-01-28T06:27:21.139Z,2026-01-28T06:27:21.139Z
1834,c5c68628-c911-401b-8f8a-9caf26a76d9d,4,2,638360,false,2026-01-28T06:27:21.140Z,2026-01-28T06:27:21.140Z
1835,68f4be63-5836-4f48-b288-34a2c50433b9,4,3,450986,false,2026-01-28T06:27:21.140Z,2026-01-28T06:27:21.140Z
1836,7dce5ea8-ef60-4c9f-8a2e-24ae9c12671e,4,1,935630,false,2026-01-28T06:27:21.140Z,2026-01-28T06:27:21.140Z
1837,4b80904a-477c-4866-838d-6eaa1e56157d,4,2,554491,false,2026-01-28T06:27:21.140Z,2026-01-28T06:27:21.140Z
1838,529a5924-3768-4fa0-87bf-c015fae55ba7,4,3,014347,false,2026-01-28T06:27:21.140Z,2026-01-28T06:27:21.140Z
1839,0329d2cd-62c9-4201-b8e0-392e51264eff,4,1,496646,false,2026-01-28T06:27:21.140Z,2026-01-28T06:27:21.140Z
1840,cab3c1a2-7e4b-4476-b372-c5fd17661e61,4,2,749861,false,2026-01-28T06:27:21.140Z,2026-01-28T06:27:21.140Z
1841,4ebf916c-147a-491f-aaa6-216df34cb9e4,4,3,454606,false,2026-01-28T06:27:21.140Z,2026-01-28T06:27:21.140Z
1842,46b106c8-a2d1-4229-9c80-f5c45b0db6e5,4,1,577415,false,2026-01-28T06:27:21.140Z,2026-01-28T06:27:21.140Z
1843,7c88e1c5-3898-4f81-add0-f762aae3e63b,4,2,863494,false,2026-01-28T06:27:21.140Z,2026-01-28T06:27:21.140Z
1844,3814c81d-9c11-4d7c-89f1-421db625beb6,4,3,218189,false,2026-01-28T06:27:21.140Z,2026-01-28T06:27:21.140Z
1845,0bd8cb59-78ca-40a6-bef8-9297c2b05eb5,4,1,317906,false,2026-01-28T06:27:21.140Z,2026-01-28T06:27:21.140Z
1846,3fd4db2d-e956-4c30-9ae0-dfd00f3f363d,4,2,348306,false,2026-01-28T06:27:21.140Z,2026-01-28T06:27:21.140Z
1847,275020df-e9f2-4f68-969d-8698777aace5,4,3,299922,false,2026-01-28T06:27:21.140Z,2026-01-28T06:27:21.140Z
1848,e00024fe-dc0a-464b-9ba4-22bf9f8bd8f4,4,1,778433,false,2026-01-28T06:27:21.140Z,2026-01-28T06:27:21.140Z
1849,7ea4ea60-f95e-4144-9ce9-2212d577aefd,4,2,779250,false,2026-01-28T06:27:21.140Z,2026-01-28T06:27:21.140Z
1850,bef88080-8358-457b-8041-640075b58cdb,4,3,309885,false,2026-01-28T06:27:21.140Z,2026-01-28T06:27:21.140Z
1851,6ed18f56-fa74-40d0-ac27-98652de4e575,4,1,233628,false,2026-01-28T06:27:21.140Z,2026-01-28T06:27:21.140Z
1852,a3092260-72bb-401c-87d7-edc5a4d4a518,4,2,810844,false,2026-01-28T06:27:21.140Z,2026-01-28T06:27:21.140Z
1853,550e7004-73b1-4922-8394-4b0625802dd8,4,3,338910,false,2026-01-28T06:27:21.140Z,2026-01-28T06:27:21.140Z
1854,47518a98-ee40-43b8-a2ca-2feefefb1726,4,1,144465,false,2026-01-28T06:27:21.140Z,2026-01-28T06:27:21.140Z
1855,9b27aec9-dbd9-4426-b3c3-6c7b24b7b8a0,4,2,066912,false,2026-01-28T06:27:21.140Z,2026-01-28T06:27:21.140Z
1856,14be110d-88af-4d5b-bac8-582726aa4864,4,3,701699,false,2026-01-28T06:27:21.140Z,2026-01-28T06:27:21.140Z
1857,acc27044-4b29-4327-b88d-355bbe5f2efc,4,1,005602,false,2026-01-28T06:27:21.140Z,2026-01-28T06:27:21.140Z
1858,7b31264f-0f16-4d8c-a83b-62c8292c5af9,4,2,741246,false,2026-01-28T06:27:21.140Z,2026-01-28T06:27:21.140Z
1859,f9066803-087a-4671-9282-86e5fae374c0,4,3,502179,false,2026-01-28T06:27:21.140Z,2026-01-28T06:27:21.140Z
1860,f0d4d58f-b167-44e3-a8dc-bab2015a2022,4,1,474184,false,2026-01-28T06:27:21.140Z,2026-01-28T06:27:21.140Z
1861,5bb8ad1d-3d32-45c3-8724-b4d9d8b54dde,4,2,646396,false,2026-01-28T06:27:21.140Z,2026-01-28T06:27:21.140Z
1862,b1c95db6-5f75-4094-a7e1-67f789fc7602,4,3,362090,false,2026-01-28T06:27:21.140Z,2026-01-28T06:27:21.140Z
1863,ddbe32f9-3fea-4f82-bca4-ae34780be145,4,1,729740,false,2026-01-28T06:27:21.140Z,2026-01-28T06:27:21.140Z
1864,ab5e8e2a-5d54-43ed-82a9-0f6cb13a17ae,4,2,448921,false,2026-01-28T06:27:21.140Z,2026-01-28T06:27:21.140Z
1865,8177d154-d7e0-4f5c-ac5f-f616f652d21b,4,3,117995,false,2026-01-28T06:27:21.140Z,2026-01-28T06:27:21.140Z
1866,7e58cd00-73db-4e5a-b142-4c3bc513d80e,4,1,113745,false,2026-01-28T06:27:21.140Z,2026-01-28T06:27:21.140Z
1867,6c319415-5164-419c-a5ca-da8452744999,4,2,720586,false,2026-01-28T06:27:21.140Z,2026-01-28T06:27:21.140Z
1868,f44995cf-ba8f-4100-8615-8f12e88dc307,4,3,538711,false,2026-01-28T06:27:21.140Z,2026-01-28T06:27:21.140Z
1869,b9d89522-cb2d-4b71-b054-304e3967c98b,4,1,970081,false,2026-01-28T06:27:21.140Z,2026-01-28T06:27:21.140Z
1870,4824dc68-1db5-43e5-a2ff-eff4c340d9fb,4,2,588638,false,2026-01-28T06:27:21.140Z,2026-01-28T06:27:21.140Z
1871,a9013a4f-33f9-49a5-bca9-87156c6a2e93,4,3,930269,false,2026-01-28T06:27:21.140Z,2026-01-28T06:27:21.140Z
1872,611d8f6b-1122-400b-8229-aad8692f831f,4,1,826704,false,2026-01-28T06:27:21.140Z,2026-01-28T06:27:21.140Z
1873,24171b47-0414-46d2-bee3-4755c0a9454c,4,2,891995,false,2026-01-28T06:27:21.140Z,2026-01-28T06:27:21.140Z
1874,03bc67dd-e7f6-4700-b68b-ee33351520a6,4,3,039473,false,2026-01-28T06:27:21.140Z,2026-01-28T06:27:21.140Z
1875,9b964ce6-5850-4412-88f5-14503afea690,4,1,199130,false,2026-01-28T06:27:21.140Z,2026-01-28T06:27:21.140Z
1876,d6447024-d8de-4658-ae40-2f7618496bcb,4,2,957425,false,2026-01-28T06:27:21.140Z,2026-01-28T06:27:21.140Z
1877,421af59c-7352-493e-bc0f-bb88a9c7eb21,4,3,447501,false,2026-01-28T06:27:21.141Z,2026-01-28T06:27:21.141Z
1878,215869ae-4c98-4917-9865-a2378eace19f,4,1,177114,false,2026-01-28T06:27:21.141Z,2026-01-28T06:27:21.141Z
1879,29aa5d6c-f6a8-4a99-9a0a-3f18efb5cbdd,4,2,748059,false,2026-01-28T06:27:21.141Z,2026-01-28T06:27:21.141Z
1880,49db34a9-05dd-4ab5-ab91-d7cc23723eda,4,3,336528,false,2026-01-28T06:27:21.141Z,2026-01-28T06:27:21.141Z
1881,4ff88489-6bc5-4798-acbc-3cb564764bb5,4,1,547638,false,2026-01-28T06:27:21.141Z,2026-01-28T06:27:21.141Z
1882,e6c99277-2750-4822-b2b4-e4db90cab02d,4,2,470360,false,2026-01-28T06:27:21.141Z,2026-01-28T06:27:21.141Z
1883,98d76100-ecf5-4065-8d7c-33b5785b21cb,4,3,174787,false,2026-01-28T06:27:21.141Z,2026-01-28T06:27:21.141Z
1884,fe9fda83-6c85-471f-ab69-5915ba80c8cf,4,1,008051,false,2026-01-28T06:27:21.141Z,2026-01-28T06:27:21.141Z
1885,5bc9a0c4-3ae6-46bb-8efc-b1fc7b8a2b9d,4,2,087838,false,2026-01-28T06:27:21.141Z,2026-01-28T06:27:21.141Z
1886,3737e057-9ddb-4d97-9899-b62a41259521,4,3,507788,false,2026-01-28T06:27:21.141Z,2026-01-28T06:27:21.141Z
1887,a2bcc47e-3653-4b0d-a7ba-3af19b815f79,4,1,071290,false,2026-01-28T06:27:21.141Z,2026-01-28T06:27:21.141Z
1888,8a8a6c95-2615-45f5-95d7-1128c7e0300f,4,2,631450,false,2026-01-28T06:27:21.141Z,2026-01-28T06:27:21.141Z
1889,a7fdb14b-8404-4ffc-be7e-ad44be61da48,4,3,922873,false,2026-01-28T06:27:21.141Z,2026-01-28T06:27:21.141Z
1890,79e093a3-b797-44a3-8075-12ee2a2f0fc3,4,1,589614,false,2026-01-28T06:27:21.141Z,2026-01-28T06:27:21.141Z
1891,80d5e4a5-3010-41a7-baf9-aeba75273f49,4,2,077961,false,2026-01-28T06:27:21.141Z,2026-01-28T06:27:21.141Z
1892,2192ca2e-9a7e-4973-ab08-cd7becac35d2,4,3,697486,false,2026-01-28T06:27:21.141Z,2026-01-28T06:27:21.141Z
1893,ed6f1ee5-f949-48ce-a49f-3a6e1de898ef,4,1,581490,false,2026-01-28T06:27:21.141Z,2026-01-28T06:27:21.141Z
1894,48428103-5be5-4f27-ac5e-6906f7046ec2,4,2,511694,false,2026-01-28T06:27:21.141Z,2026-01-28T06:27:21.141Z
1895,46a5f766-5bb7-4230-b048-3b860b32d1f3,4,3,450452,false,2026-01-28T06:27:21.141Z,2026-01-28T06:27:21.141Z
1896,d2b75185-b8cd-4c25-8883-6baf6d20270d,4,1,829169,false,2026-01-28T06:27:21.141Z,2026-01-28T06:27:21.141Z
1897,9c748289-1a7d-4988-846a-9ba54d7d213c,4,2,729094,false,2026-01-28T06:27:21.141Z,2026-01-28T06:27:21.141Z
1898,6520645e-2f0f-4407-94b6-e7f291f1e6bd,4,3,130236,false,2026-01-28T06:27:21.141Z,2026-01-28T06:27:21.141Z
1899,9e027865-94d3-492b-8f00-c7ecc14210b2,4,1,880587,false,2026-01-28T06:27:21.141Z,2026-01-28T06:27:21.141Z
1900,73edc39c-c67b-4781-b9ac-34cca3b5b373,4,2,340942,false,2026-01-28T06:27:21.141Z,2026-01-28T06:27:21.141Z
1901,d2cd211f-8b14-44fa-9bfe-05f4d5c67018,4,3,429455,false,2026-01-28T06:27:21.141Z,2026-01-28T06:27:21.141Z
1902,0f95295f-6cb0-43cd-b81d-e7a97acd9529,4,1,375545,false,2026-01-28T06:27:21.141Z,2026-01-28T06:27:21.141Z
1903,f3ceb0c4-7723-42bb-bfb7-70e10961f6e7,4,2,352939,false,2026-01-28T06:27:21.141Z,2026-01-28T06:27:21.141Z
1904,b544f318-d61a-40aa-adef-ddeebf637000,4,3,113131,false,2026-01-28T06:27:21.141Z,2026-01-28T06:27:21.141Z
1905,a9e7eca4-69c6-4d62-b348-3326a24807f5,4,1,561305,false,2026-01-28T06:27:21.141Z,2026-01-28T06:27:21.141Z
1906,96dffae2-9c61-4e15-9df2-01dbaf3301cf,4,2,061674,false,2026-01-28T06:27:21.141Z,2026-01-28T06:27:21.141Z
1907,cf1bf2b7-ae86-42de-8565-cdbfaf9ed8e1,4,3,014577,false,2026-01-28T06:27:21.141Z,2026-01-28T06:27:21.141Z
1908,9f32e283-28a7-405b-8580-9b3b7ff5cac8,4,1,500637,false,2026-01-28T06:27:21.141Z,2026-01-28T06:27:21.141Z
1909,7acdbd37-3a87-46ab-b51d-92a48c464af3,4,2,276081,false,2026-01-28T06:27:21.141Z,2026-01-28T06:27:21.141Z
1910,01427ef7-6d8b-4036-88e9-98ab7e48c235,4,3,427721,false,2026-01-28T06:27:21.141Z,2026-01-28T06:27:21.141Z
1911,41e8a22b-d582-4688-ad60-f897305e8a24,4,1,631842,false,2026-01-28T06:27:21.141Z,2026-01-28T06:27:21.141Z
1912,67bc88cb-eab3-4948-95c0-2a50b0fb201a,4,2,338484,false,2026-01-28T06:27:21.141Z,2026-01-28T06:27:21.141Z
1913,c1d88adb-4dbe-496d-b2a6-9d7993deeb01,4,3,385167,false,2026-01-28T06:27:21.141Z,2026-01-28T06:27:21.141Z
1914,122cc020-0fea-48a2-9763-c4774d20c297,4,1,231625,false,2026-01-28T06:27:21.141Z,2026-01-28T06:27:21.141Z
1915,e785fc76-4d0a-487c-9c7c-b65299e06ab8,4,2,528682,false,2026-01-28T06:27:21.141Z,2026-01-28T06:27:21.141Z
1916,a92e0f36-8a82-40b4-9203-6d573d61a91a,4,3,314943,false,2026-01-28T06:27:21.141Z,2026-01-28T06:27:21.141Z
1917,8ee7cd62-faef-4714-ba7f-af7f8484e465,4,1,646237,false,2026-01-28T06:27:21.141Z,2026-01-28T06:27:21.141Z
1918,60585aba-e3a8-45a2-951b-9f5a06873609,4,2,156174,false,2026-01-28T06:27:21.142Z,2026-01-28T06:27:21.142Z
1919,56f26871-d333-41f9-96a0-3d7befc6a88e,4,3,225628,false,2026-01-28T06:27:21.142Z,2026-01-28T06:27:21.142Z
1920,d4386a11-7ca2-423c-b515-b622cdc62466,4,1,071663,false,2026-01-28T06:27:21.142Z,2026-01-28T06:27:21.142Z
1921,a51fccb3-c607-4c5e-8c88-cf1641430887,4,2,710436,false,2026-01-28T06:27:21.142Z,2026-01-28T06:27:21.142Z
1922,090b6782-520c-4149-890b-168ca7ede17a,4,3,034471,false,2026-01-28T06:27:21.142Z,2026-01-28T06:27:21.142Z
1923,033ee238-eff0-4423-b3fe-5075e63475c7,4,1,969702,false,2026-01-28T06:27:21.142Z,2026-01-28T06:27:21.142Z
1924,b32dbe89-9514-48af-aa56-23fcc7d8fe6d,4,2,635437,false,2026-01-28T06:27:21.142Z,2026-01-28T06:27:21.142Z
1925,067b9426-08b4-4abb-8a09-8c9cc14acf80,4,3,815835,false,2026-01-28T06:27:21.142Z,2026-01-28T06:27:21.142Z
1926,2234d1be-b2b8-41ab-a14c-aac34bb2e929,4,1,638947,false,2026-01-28T06:27:21.142Z,2026-01-28T06:27:21.142Z
1927,0064d3bc-dc48-4977-bbab-102b873a3413,4,2,356017,false,2026-01-28T06:27:21.142Z,2026-01-28T06:27:21.142Z
1928,9a6d9e9f-ff4a-43f0-9aaa-530f7e863e14,4,3,790764,false,2026-01-28T06:27:21.142Z,2026-01-28T06:27:21.142Z
1929,ba783a7c-912a-4624-b961-dc95adf37f50,4,1,262413,false,2026-01-28T06:27:21.142Z,2026-01-28T06:27:21.142Z
1930,ba1825f6-1685-45bd-8879-dc75cee128ec,4,2,703369,false,2026-01-28T06:27:21.142Z,2026-01-28T06:27:21.142Z
1931,9aed4915-0f35-41a7-81ce-712b33498b92,4,3,622822,false,2026-01-28T06:27:21.142Z,2026-01-28T06:27:21.142Z
1932,2c964f6b-8392-497d-be8c-5b3ea6796c2b,4,1,230965,false,2026-01-28T06:27:21.142Z,2026-01-28T06:27:21.142Z
1933,d3d01288-cbdf-4707-b76e-87478ee4d599,4,2,243669,false,2026-01-28T06:27:21.142Z,2026-01-28T06:27:21.142Z
1934,3ddf4a37-bf12-4399-be86-700f0cc2cff0,4,3,383328,false,2026-01-28T06:27:21.142Z,2026-01-28T06:27:21.142Z
1935,425c4f9a-b132-407a-b7a7-6e68facb262e,4,1,440019,false,2026-01-28T06:27:21.142Z,2026-01-28T06:27:21.142Z
1936,bc888109-a101-4def-aac9-58aeeb25f451,4,2,682902,false,2026-01-28T06:27:21.142Z,2026-01-28T06:27:21.142Z
1937,1a23451b-b43e-4c6b-8ab3-17e597b83355,4,3,382078,false,2026-01-28T06:27:21.142Z,2026-01-28T06:27:21.142Z
1938,bd93f4fc-11fd-4b35-8c00-2c98b50d9a15,4,1,287912,false,2026-01-28T06:27:21.142Z,2026-01-28T06:27:21.142Z
1939,31db2335-7cd7-4e03-ac31-f0028dcb133f,4,2,011769,false,2026-01-28T06:27:21.142Z,2026-01-28T06:27:21.142Z
1940,7a819b48-94ff-458d-a2a5-6122daeb0538,4,3,457945,false,2026-01-28T06:27:21.142Z,2026-01-28T06:27:21.142Z
1941,e3959900-8124-47a3-bfa8-4f11dd6a2f89,4,1,263603,false,2026-01-28T06:27:21.142Z,2026-01-28T06:27:21.142Z
1942,aaf2433f-ea77-4a61-a3c3-0cd10d57f24d,4,2,701865,false,2026-01-28T06:27:21.142Z,2026-01-28T06:27:21.142Z
1943,86e2f82e-d680-47ae-9ba1-db9de49a016e,4,3,106116,false,2026-01-28T06:27:21.142Z,2026-01-28T06:27:21.142Z
1944,17704cc1-987b-414c-a50d-249b93dd7abf,4,1,122215,false,2026-01-28T06:27:21.142Z,2026-01-28T06:27:21.142Z
1945,f3ea6da1-5f69-47f6-89aa-faf98d32eef3,4,2,368535,false,2026-01-28T06:27:21.142Z,2026-01-28T06:27:21.142Z
1946,db4a8c48-e843-4993-b383-2980f34dcf66,4,3,870801,false,2026-01-28T06:27:21.142Z,2026-01-28T06:27:21.142Z
1947,ae93b17b-cc8e-410e-bfb3-3691e7f1e29c,4,1,042407,false,2026-01-28T06:27:21.142Z,2026-01-28T06:27:21.142Z
1948,39a6e4e9-58b3-41a4-ae7b-9a332cd43179,4,2,195377,false,2026-01-28T06:27:21.142Z,2026-01-28T06:27:21.142Z
1949,f78cc28c-f5ee-45c1-9a74-6c7542356314,4,3,286227,false,2026-01-28T06:27:21.142Z,2026-01-28T06:27:21.142Z
1950,63f1604f-3440-4423-b88c-039753e7d128,4,1,171807,false,2026-01-28T06:27:21.142Z,2026-01-28T06:27:21.142Z
1951,2b652772-3f44-42ff-ae37-ef516be1b2c4,4,2,992831,false,2026-01-28T06:27:21.142Z,2026-01-28T06:27:21.142Z
1952,1ee6eca7-393d-4e1d-a392-d1873da30761,4,3,432201,false,2026-01-28T06:27:21.142Z,2026-01-28T06:27:21.142Z
1953,7a3af2a1-aa54-4669-b2d3-bc277c558cc5,4,1,761552,false,2026-01-28T06:27:21.142Z,2026-01-28T06:27:21.142Z
1954,6659586c-cf89-40bc-9c27-92fa3faec6c0,4,2,032175,false,2026-01-28T06:27:21.142Z,2026-01-28T06:27:21.142Z
1955,46f431c3-33fa-4f31-9702-6b0c5fa10df7,4,3,344993,false,2026-01-28T06:27:21.142Z,2026-01-28T06:27:21.142Z
1956,3b6548ea-536d-4129-8206-30ed49695fbb,4,1,197518,false,2026-01-28T06:27:21.142Z,2026-01-28T06:27:21.142Z
1957,adc1c465-a9ec-4f56-8f0d-d994740ec05c,4,2,883837,false,2026-01-28T06:27:21.142Z,2026-01-28T06:27:21.142Z
1958,f01816ad-1c01-484c-a75f-9800aec9c4c0,4,3,721078,false,2026-01-28T06:27:21.142Z,2026-01-28T06:27:21.142Z
1959,226cd928-42a5-4059-8a39-b54304976b81,4,1,488374,false,2026-01-28T06:27:21.142Z,2026-01-28T06:27:21.142Z
1960,472006e5-dc98-43f5-9409-d4b1b0dd4a70,4,2,037665,false,2026-01-28T06:27:21.143Z,2026-01-28T06:27:21.143Z
1961,7547d9a9-6d73-4723-86a0-437b28135902,4,3,321421,false,2026-01-28T06:27:21.143Z,2026-01-28T06:27:21.143Z
1962,c62a5e6c-768e-45b5-8ee1-79fde1ccb862,4,1,387456,false,2026-01-28T06:27:21.143Z,2026-01-28T06:27:21.143Z
1963,e885df85-d403-4c40-b321-15e661534dd0,4,2,780801,false,2026-01-28T06:27:21.143Z,2026-01-28T06:27:21.143Z
1964,5ba0439d-eb7b-4533-a292-341e486b9be6,4,3,399551,false,2026-01-28T06:27:21.143Z,2026-01-28T06:27:21.143Z
1965,369128b7-6c93-4573-a464-c6210bef9a7e,4,1,126511,false,2026-01-28T06:27:21.143Z,2026-01-28T06:27:21.143Z
1966,a1cb2cfe-81b1-4187-aabd-7dfc95c396ab,4,2,139233,false,2026-01-28T06:27:21.143Z,2026-01-28T06:27:21.143Z
1967,5ed35bcf-65dd-4da8-9b0e-d21846de39b4,4,3,954843,false,2026-01-28T06:27:21.143Z,2026-01-28T06:27:21.143Z
1968,2c1f3e16-4395-4c9a-8d80-736448a7f473,4,1,699975,false,2026-01-28T06:27:21.143Z,2026-01-28T06:27:21.143Z
1969,7ff61a0f-c3ae-4ea6-b7fd-eedbbe31a964,4,2,599878,false,2026-01-28T06:27:21.143Z,2026-01-28T06:27:21.143Z
1970,947c444b-067d-4cfd-89fb-df047454332c,4,3,895064,false,2026-01-28T06:27:21.143Z,2026-01-28T06:27:21.143Z
1971,052e5640-0709-403d-9d43-0ed952583bc9,4,1,040657,false,2026-01-28T06:27:21.143Z,2026-01-28T06:27:21.143Z
1972,c5e40729-7611-4f5f-882d-1dc7e4d4d507,4,2,965238,false,2026-01-28T06:27:21.143Z,2026-01-28T06:27:21.143Z
1973,021cdc55-450d-4074-9f41-0b21bae0e146,4,3,124736,false,2026-01-28T06:27:21.143Z,2026-01-28T06:27:21.143Z
1974,aa3591f8-7530-434c-a9c8-f55b2fdc0885,4,1,316747,false,2026-01-28T06:27:21.143Z,2026-01-28T06:27:21.143Z
1975,ac5c7d3d-5a28-4b79-8650-5c07e42202a2,4,2,991144,false,2026-01-28T06:27:21.143Z,2026-01-28T06:27:21.143Z
1976,2f041991-0eb6-45df-9c53-f97317287054,4,3,973878,false,2026-01-28T06:27:21.143Z,2026-01-28T06:27:21.143Z
1977,1e01a57e-d81d-430a-8077-562bc6bb497b,4,1,017318,false,2026-01-28T06:27:21.143Z,2026-01-28T06:27:21.143Z
1978,b3f75587-822e-4ca0-b8bb-1fb6a84f4ab5,4,2,893180,false,2026-01-28T06:27:21.143Z,2026-01-28T06:27:21.143Z
1979,17c7c748-7c74-4241-bdeb-d9965fe2f48b,4,3,587624,false,2026-01-28T06:27:21.143Z,2026-01-28T06:27:21.143Z
1980,d402005a-2cb1-4c9a-84c4-1671407b1947,4,1,438711,false,2026-01-28T06:27:21.143Z,2026-01-28T06:27:21.143Z
1981,e8e3d23c-c5b0-4e32-9c14-6ef835b3b3cd,4,2,415439,false,2026-01-28T06:27:21.143Z,2026-01-28T06:27:21.143Z
1982,fcb49e27-da27-433e-acd4-c1417a3a73da,4,3,651757,false,2026-01-28T06:27:21.143Z,2026-01-28T06:27:21.143Z
1983,57c5a058-56b6-4cf7-88b8-63145d006e62,4,1,111011,false,2026-01-28T06:27:21.143Z,2026-01-28T06:27:21.143Z
1984,93eaae00-8235-4903-809a-4da5a3ca896a,4,2,558804,false,2026-01-28T06:27:21.143Z,2026-01-28T06:27:21.143Z
1985,5f5cba12-e506-447f-9634-bddfda9371a9,4,3,484075,false,2026-01-28T06:27:21.143Z,2026-01-28T06:27:21.143Z
1986,8e627654-0309-4365-990e-51b1ec0cc38c,4,1,624306,false,2026-01-28T06:27:21.143Z,2026-01-28T06:27:21.143Z
1987,01a7d1d5-b3cf-4a1a-86dc-0416e5494735,4,2,168574,false,2026-01-28T06:27:21.143Z,2026-01-28T06:27:21.143Z
1988,314ff0a1-4e5e-47d0-add9-ed6d1f45a22d,4,3,396510,false,2026-01-28T06:27:21.143Z,2026-01-28T06:27:21.143Z
1989,abfa9285-5f45-4ff8-9b4e-6c1373f1d274,4,1,774024,false,2026-01-28T06:27:21.143Z,2026-01-28T06:27:21.143Z
1990,5d5ce7e6-2fff-4af4-8b9d-7177e350d874,4,2,566201,false,2026-01-28T06:27:21.143Z,2026-01-28T06:27:21.143Z
1991,87f0eb88-1b9f-4051-9810-c8b4aa2052dd,4,3,685011,false,2026-01-28T06:27:21.143Z,2026-01-28T06:27:21.143Z
1992,b3708ad4-ec8d-423e-846d-f0b1d19eaf52,4,1,179165,false,2026-01-28T06:27:21.144Z,2026-01-28T06:27:21.144Z
1993,3a277656-82d9-4695-802a-482edbdcc4b8,4,2,777540,false,2026-01-28T06:27:21.144Z,2026-01-28T06:27:21.144Z
1994,c33f3817-4f10-40b8-a079-79be0f4edcf9,4,3,434945,false,2026-01-28T06:27:21.144Z,2026-01-28T06:27:21.144Z
1995,81f8a760-8751-4afb-ac17-68b7350745c6,4,1,157094,false,2026-01-28T06:27:21.144Z,2026-01-28T06:27:21.144Z
1996,6cbab706-359f-4454-9fae-2bb27a94bb82,4,2,146683,false,2026-01-28T06:27:21.144Z,2026-01-28T06:27:21.144Z
1997,8bc6cccf-b19a-4539-a619-a20e51689a05,4,3,002146,false,2026-01-28T06:27:21.144Z,2026-01-28T06:27:21.144Z
1998,eedeaffe-e98f-4986-9ef2-96eae8175d65,4,1,236552,false,2026-01-28T06:27:21.144Z,2026-01-28T06:27:21.144Z
1999,ab1a9a6e-f090-4430-a85f-c9bbc4b6a165,4,2,959589,false,2026-01-28T06:27:21.144Z,2026-01-28T06:27:21.144Z
2000,56cda7e6-66d5-47a7-8a63-e50856782e3e,4,3,658450,false,2026-01-28T06:27:21.144Z,2026-01-28T06:27:21.144Z
